{"stats":{"minecraft:dropped":{"minecraft:water_bucket":1,"minecraft:cooked_chicken":4,"minecraft:golden_carrot":1,"minecraft:wooden_pickaxe":1,"minecraft:flint":1},"minecraft:used":{"minecraft:water_bucket":1,"minecraft:stone_pickaxe":54,"minecraft:wooden_pickaxe":3,"minecraft:gravel":1,"minecraft:cooked_chicken":8,"minecraft:dirt":4,"minecraft:golden_carrot":7,"minecraft:crafting_table":2,"minecraft:furnace":1,"minecraft:bucket":1,"minecraft:iron_leggings":1},"minecraft:custom":{"minecraft:time_since_rest":14628,"minecraft:interact_with_furnace":2,"minecraft:sprint_one_cm":55099,"minecraft:damage_taken":1545,"minecraft:walk_one_cm":47163,"minecraft:drop":8,"minecraft:damage_dealt":36,"minecraft:swim_one_cm":22104,"minecraft:interact_with_crafting_table":4,"minecraft:fly_one_cm":322616,"minecraft:crouch_one_cm":3936,"minecraft:play_time":43606,"minecraft:deaths":4,"minecraft:sneak_time":4205,"minecraft:walk_under_water_one_cm":15514,"minecraft:jump":855,"minecraft:leave_game":2,"minecraft:walk_on_water_one_cm":3647,"minecraft:time_since_death":14619,"minecraft:total_world_time":43606,"minecraft:fall_one_cm":52978},"minecraft:crafted":{"minecraft:crafting_table":1,"minecraft:spruce_planks":24,"minecraft:stick":4,"minecraft:wooden_pickaxe":1,"minecraft:stone_pickaxe":1,"minecraft:furnace":1},"minecraft:picked_up":{"minecraft:raw_iron":4,"minecraft:crafting_table":1,"minecraft:wheat":15,"minecraft:golden_carrot":91,"minecraft:water_bucket":3,"minecraft:andesite":6,"minecraft:spruce_fence":1,"minecraft:gravel":1,"minecraft:flint":1,"minecraft:grass_block":1,"minecraft:spruce_log":6,"minecraft:dirt":7,"minecraft:polished_granite":1,"minecraft:iron_leggings":2,"minecraft:wheat_seeds":1,"minecraft:cooked_chicken":32,"minecraft:coal":1,"minecraft:cobblestone":41,"minecraft:iron_boots":2},"minecraft:mined":{"minecraft:iron_ore":5,"minecraft:spruce_log":6,"minecraft:andesite":5,"minecraft:crafting_table":1,"minecraft:grass":1,"minecraft:grass_block":1,"minecraft:coal_ore":1,"minecraft:gravel":2,"minecraft:dirt":6,"minecraft:packed_ice":2,"minecraft:tall_grass":7,"minecraft:spruce_leaves":2,"minecraft:stone":45}},"DataVersion":2975}