{"stats":{"minecraft:used":{"minecraft:cooked_chicken":4,"minecraft:water_bucket":1,"minecraft:golden_carrot":7,"minecraft:bucket":1,"minecraft:iron_leggings":1},"minecraft:picked_up":{"minecraft:polished_granite":1,"minecraft:wheat":15,"minecraft:iron_leggings":2,"minecraft:golden_carrot":91,"minecraft:water_bucket":3,"minecraft:wheat_seeds":1,"minecraft:spruce_fence":1,"minecraft:cooked_chicken":32,"minecraft:grass_block":1,"minecraft:iron_boots":2},"minecraft:custom":{"minecraft:time_since_rest":7252,"minecraft:crouch_one_cm":3184,"minecraft:sprint_one_cm":48134,"minecraft:play_time":36230,"minecraft:walk_one_cm":40335,"minecraft:damage_taken":1310,"minecraft:deaths":4,"minecraft:sneak_time":2745,"minecraft:walk_under_water_one_cm":5053,"minecraft:drop":2,"minecraft:jump":731,"minecraft:damage_dealt":6,"minecraft:leave_game":1,"minecraft:walk_on_water_one_cm":2487,"minecraft:time_since_death":7243,"minecraft:total_world_time":36230,"minecraft:swim_one_cm":9581,"minecraft:fly_one_cm":289863,"minecraft:fall_one_cm":51053},"minecraft:mined":{"minecraft:packed_ice":2,"minecraft:tall_grass":7},"minecraft:dropped":{"minecraft:water_bucket":1,"minecraft:golden_carrot":1}},"DataVersion":2975}