{"stats":{"minecraft:dropped":{"minecraft:netherite_axe":1},"minecraft:used":{"minecraft:moss_block":4,"minecraft:dirt":8,"minecraft:sand":20,"minecraft:flint_and_steel":2,"minecraft:grass_block":10,"minecraft:cactus":12,"minecraft:coarse_dirt":7,"minecraft:splash_potion":2},"minecraft:custom":{"minecraft:time_since_rest":1130,"minecraft:crouch_one_cm":11613,"minecraft:play_time":29627,"minecraft:sprint_one_cm":24333,"minecraft:deaths":4,"minecraft:walk_one_cm":37264,"minecraft:sneak_time":3765,"minecraft:drop":1,"minecraft:jump":174,"minecraft:leave_game":1,"minecraft:time_since_death":1124,"minecraft:total_world_time":29627,"minecraft:climb_one_cm":251,"minecraft:fly_one_cm":249397},"minecraft:picked_up":{"minecraft:spruce_pressure_plate":1,"minecraft:coarse_dirt":1,"minecraft:netherite_axe":17}},"DataVersion":2975}