{"stats":{"minecraft:dropped":{"minecraft:netherite_axe":1,"minecraft:lantern":10},"minecraft:used":{"minecraft:deepslate_tiles":2,"minecraft:moss_block":5,"minecraft:dark_oak_stairs":7,"minecraft:dark_oak_planks":138,"minecraft:flint_and_steel":2,"minecraft:grass_block":10,"minecraft:redstone":6,"minecraft:copper_block":16,"minecraft:cactus":12,"minecraft:deepslate_bricks":70,"minecraft:netherrack":10,"minecraft:nether_wart_block":9,"minecraft:sand":20,"minecraft:coal_block":2,"minecraft:dirt":8,"minecraft:infested_mossy_stone_bricks":17,"minecraft:red_nether_brick_slab":9,"minecraft:infested_cobblestone":13,"minecraft:deepslate_brick_slab":38,"minecraft:coarse_dirt":7,"minecraft:infested_stone_bricks":57,"minecraft:deepslate_brick_stairs":25,"minecraft:splash_potion":2,"minecraft:stripped_spruce_log":26,"minecraft:obsidian":58},"minecraft:custom":{"minecraft:time_since_rest":22534,"minecraft:sprint_one_cm":30841,"minecraft:walk_one_cm":101894,"minecraft:drop":2,"minecraft:fly_one_cm":320122,"minecraft:crouch_one_cm":44344,"minecraft:play_time":54482,"minecraft:deaths":5,"minecraft:sneak_time":10751,"minecraft:jump":313,"minecraft:leave_game":1,"minecraft:time_since_death":22527,"minecraft:total_world_time":54482,"minecraft:climb_one_cm":251},"minecraft:picked_up":{"minecraft:spruce_pressure_plate":1,"minecraft:coarse_dirt":1,"minecraft:nether_quartz_ore":51,"minecraft:redstone":1,"minecraft:dirt":1,"minecraft:lantern":20,"minecraft:moss_carpet":1,"minecraft:oak_sign":4,"minecraft:netherite_axe":20}},"DataVersion":2975}