{"stats":{"minecraft:dropped":{"minecraft:netherite_axe":1,"minecraft:lantern":10},"minecraft:used":{"minecraft:shroomlight":28,"minecraft:deepslate_brick_wall":3,"minecraft:moss_block":6,"minecraft:dark_oak_planks":138,"minecraft:dark_oak_stairs":7,"minecraft:end_rod":2,"minecraft:black_concrete":447,"minecraft:amethyst_block":1,"minecraft:orange_concrete":31,"minecraft:flint_and_steel":2,"minecraft:red_concrete":48,"minecraft:lantern":2,"minecraft:grass_block":10,"minecraft:redstone":6,"minecraft:copper_block":16,"minecraft:cactus":12,"minecraft:redstone_block":6,"minecraft:deepslate_bricks":70,"minecraft:netherrack":24,"minecraft:pink_concrete":10,"minecraft:lime_concrete":7,"minecraft:sand":20,"minecraft:coal_block":2,"minecraft:nether_wart_block":9,"minecraft:glowstone":30,"minecraft:dirt":8,"minecraft:infested_mossy_stone_bricks":17,"minecraft:red_nether_brick_slab":9,"minecraft:twisting_vines":16,"minecraft:yellow_concrete":8,"minecraft:blue_ice":2,"minecraft:infested_cobblestone":13,"minecraft:deepslate_brick_slab":40,"minecraft:sea_pickle":4,"minecraft:coarse_dirt":21,"minecraft:infested_stone_bricks":57,"minecraft:blue_concrete":11,"minecraft:deepslate_brick_stairs":25,"minecraft:splash_potion":2,"minecraft:stripped_spruce_log":26,"minecraft:obsidian":58,"minecraft:deepslate_tiles":2},"minecraft:custom":{"minecraft:time_since_rest":74871,"minecraft:sprint_one_cm":42771,"minecraft:walk_one_cm":168676,"minecraft:drop":2,"minecraft:fly_one_cm":751510,"minecraft:crouch_one_cm":62203,"minecraft:play_time":106819,"minecraft:deaths":5,"minecraft:sneak_time":17078,"minecraft:jump":472,"minecraft:leave_game":4,"minecraft:time_since_death":74864,"minecraft:total_world_time":106819,"minecraft:climb_one_cm":408},"minecraft:picked_up":{"minecraft:spruce_pressure_plate":1,"minecraft:coarse_dirt":1,"minecraft:nether_quartz_ore":51,"minecraft:redstone":1,"minecraft:dirt":1,"minecraft:moss_carpet":1,"minecraft:lantern":22,"minecraft:firework_rocket":9,"minecraft:oak_sign":4,"minecraft:diamond":3,"minecraft:netherite_axe":20}},"DataVersion":2975}