{"stats":{"minecraft:dropped":{"minecraft:netherite_axe":1},"minecraft:used":{"minecraft:deepslate_tiles":2,"minecraft:deepslate_bricks":70,"minecraft:moss_block":4,"minecraft:coal_block":2,"minecraft:dirt":8,"minecraft:sand":20,"minecraft:flint_and_steel":2,"minecraft:grass_block":10,"minecraft:deepslate_brick_slab":16,"minecraft:cactus":12,"minecraft:coarse_dirt":7,"minecraft:splash_potion":2,"minecraft:deepslate_brick_stairs":20},"minecraft:custom":{"minecraft:time_since_rest":4534,"minecraft:crouch_one_cm":18403,"minecraft:sprint_one_cm":26445,"minecraft:play_time":36482,"minecraft:deaths":5,"minecraft:walk_one_cm":54037,"minecraft:sneak_time":5393,"minecraft:drop":1,"minecraft:jump":197,"minecraft:leave_game":1,"minecraft:time_since_death":4527,"minecraft:climb_one_cm":251,"minecraft:total_world_time":36482,"minecraft:fly_one_cm":276881},"minecraft:picked_up":{"minecraft:spruce_pressure_plate":1,"minecraft:coarse_dirt":1,"minecraft:oak_sign":1,"minecraft:netherite_axe":19,"minecraft:dirt":1}},"DataVersion":2975}