{"stats":{"minecraft:killed_by":{"minecraft:player":1},"minecraft:dropped":{"minecraft:dirt":1,"minecraft:grass_block":1,"minecraft:netherite_sword":1,"minecraft:green_wool":1},"minecraft:picked_up":{"minecraft:coarse_dirt":1,"minecraft:splash_potion":1,"minecraft:bone":6,"minecraft:glow_ink_sac":2,"minecraft:netherite_sword":2,"minecraft:birch_sign":2,"minecraft:green_wool":1,"minecraft:grass_block":1,"minecraft:dirt":1},"minecraft:used":{"minecraft:bricks":25,"minecraft:netherite_sword":5,"minecraft:green_carpet":1,"minecraft:diamond_block":23,"minecraft:dirt":69,"minecraft:grass_block":7,"minecraft:brick_stairs":2,"minecraft:green_wool":3,"minecraft:coarse_dirt":1,"minecraft:granite":1,"minecraft:splash_potion":7},"minecraft:custom":{"minecraft:time_since_rest":8750,"minecraft:damage_taken":482,"minecraft:crouch_one_cm":16825,"minecraft:play_time":56254,"minecraft:sprint_one_cm":43049,"minecraft:walk_one_cm":57487,"minecraft:deaths":4,"minecraft:sneak_time":6668,"minecraft:walk_under_water_one_cm":1768,"minecraft:mob_kills":1,"minecraft:drop":4,"minecraft:jump":293,"minecraft:damage_dealt":370,"minecraft:leave_game":6,"minecraft:time_since_death":8423,"minecraft:walk_on_water_one_cm":864,"minecraft:total_world_time":56254,"minecraft:climb_one_cm":94,"minecraft:fly_one_cm":457229,"minecraft:fall_one_cm":220},"minecraft:killed":{"minecraft:zombie":1}},"DataVersion":2975}