{"stats":{"minecraft:dropped":{"minecraft:netherite_axe":1,"minecraft:lantern":10},"minecraft:used":{"minecraft:deepslate_tiles":2,"minecraft:deepslate_brick_wall":3,"minecraft:dark_oak_planks":138,"minecraft:moss_block":6,"minecraft:dark_oak_stairs":7,"minecraft:end_rod":2,"minecraft:black_concrete":447,"minecraft:amethyst_block":1,"minecraft:firework_rocket":1,"minecraft:orange_concrete":31,"minecraft:flint_and_steel":2,"minecraft:red_concrete":48,"minecraft:lantern":2,"minecraft:grass_block":10,"minecraft:redstone":6,"minecraft:copper_block":16,"minecraft:cactus":12,"minecraft:redstone_block":6,"minecraft:deepslate_bricks":70,"minecraft:pink_concrete":10,"minecraft:netherrack":24,"minecraft:red_nether_brick_slab":9,"minecraft:sand":20,"minecraft:coal_block":2,"minecraft:glowstone":30,"minecraft:nether_wart_block":9,"minecraft:dirt":8,"minecraft:infested_mossy_stone_bricks":17,"minecraft:lime_concrete":7,"minecraft:twisting_vines":16,"minecraft:yellow_concrete":8,"minecraft:deepslate_brick_slab":40,"minecraft:infested_cobblestone":13,"minecraft:blue_ice":2,"minecraft:sea_pickle":4,"minecraft:coarse_dirt":21,"minecraft:infested_stone_bricks":57,"minecraft:blue_concrete":11,"minecraft:deepslate_brick_stairs":25,"minecraft:splash_potion":2,"minecraft:stripped_spruce_log":26,"minecraft:obsidian":58,"minecraft:shroomlight":28},"minecraft:custom":{"minecraft:time_since_rest":245,"minecraft:sprint_one_cm":50937,"minecraft:walk_one_cm":171433,"minecraft:drop":2,"minecraft:fly_one_cm":781219,"minecraft:crouch_one_cm":64150,"minecraft:play_time":112783,"minecraft:deaths":10,"minecraft:walk_under_water_one_cm":709,"minecraft:sneak_time":18026,"minecraft:jump":513,"minecraft:leave_game":5,"minecraft:walk_on_water_one_cm":42,"minecraft:time_since_death":238,"minecraft:climb_one_cm":408,"minecraft:total_world_time":112783},"minecraft:picked_up":{"minecraft:spruce_pressure_plate":1,"minecraft:pink_concrete":2,"minecraft:coarse_dirt":1,"minecraft:nether_quartz_ore":51,"minecraft:light_blue_concrete":2,"minecraft:yellow_concrete":2,"minecraft:lime_concrete":2,"minecraft:blue_concrete":2,"minecraft:redstone":1,"minecraft:dirt":1,"minecraft:moss_carpet":1,"minecraft:lantern":22,"minecraft:orange_concrete":2,"minecraft:firework_rocket":18,"minecraft:oak_sign":4,"minecraft:diamond":9,"minecraft:black_concrete":2,"minecraft:netherite_axe":20,"minecraft:moss_block":1,"minecraft:red_concrete":2,"minecraft:purple_concrete":2}},"DataVersion":2975}