{"stats":{"minecraft:dropped":{"minecraft:netherite_axe":1,"minecraft:lantern":10,"minecraft:black_concrete":1},"minecraft:used":{"minecraft:deepslate_brick_wall":3,"minecraft:moss_block":10,"minecraft:dark_oak_stairs":7,"minecraft:end_rod":2,"minecraft:amethyst_block":1,"minecraft:orange_concrete":31,"minecraft:flint_and_steel":2,"minecraft:red_concrete":48,"minecraft:redstone":6,"minecraft:copper_block":16,"minecraft:cactus":12,"minecraft:redstone_block":6,"minecraft:deepslate_bricks":70,"minecraft:netherrack":24,"minecraft:pink_concrete":10,"minecraft:dirt":8,"minecraft:sand":20,"minecraft:red_nether_brick_slab":9,"minecraft:twisting_vines":16,"minecraft:yellow_concrete":8,"minecraft:blue_ice":2,"minecraft:deepslate_brick_slab":40,"minecraft:infested_stone_bricks":57,"minecraft:blue_concrete":11,"minecraft:stripped_spruce_log":26,"minecraft:deepslate_brick_stairs":25,"minecraft:obsidian":58,"minecraft:shroomlight":28,"minecraft:deepslate_tiles":2,"minecraft:dark_oak_planks":138,"minecraft:black_concrete":621,"minecraft:cyan_terracotta":89,"minecraft:firework_rocket":1,"minecraft:lantern":2,"minecraft:grass_block":705,"minecraft:basalt":303,"minecraft:nether_wart_block":9,"minecraft:glowstone":30,"minecraft:coal_block":2,"minecraft:infested_mossy_stone_bricks":17,"minecraft:lime_concrete":7,"minecraft:infested_cobblestone":13,"minecraft:acacia_wood":49,"minecraft:sea_pickle":4,"minecraft:coarse_dirt":25,"minecraft:splash_potion":8},"minecraft:custom":{"minecraft:leave_game":8,"minecraft:time_since_death":16930,"minecraft:climb_one_cm":408,"minecraft:time_since_rest":16938,"minecraft:sprint_one_cm":60248,"minecraft:walk_one_cm":181251,"minecraft:drop":3,"minecraft:fly_one_cm":1068691,"minecraft:crouch_one_cm":72859,"minecraft:play_time":139810,"minecraft:sneak_time":21779,"minecraft:deaths":15,"minecraft:walk_under_water_one_cm":709,"minecraft:jump":583,"minecraft:walk_on_water_one_cm":42,"minecraft:total_world_time":139810},"minecraft:picked_up":{"minecraft:coarse_dirt":1,"minecraft:bee_nest":1,"minecraft:light_blue_concrete":2,"minecraft:water_bucket":1,"minecraft:black_bed":1,"minecraft:blue_concrete":2,"minecraft:dirt":1,"minecraft:lantern":22,"minecraft:moss_carpet":1,"minecraft:orange_concrete":3,"minecraft:oak_sign":4,"minecraft:bucket":1,"minecraft:netherite_axe":20,"minecraft:azalea_leaves":1,"minecraft:moss_block":1,"minecraft:chest":1,"minecraft:purple_concrete":3,"minecraft:spruce_pressure_plate":1,"minecraft:pink_concrete":3,"minecraft:nether_quartz_ore":51,"minecraft:yellow_concrete":2,"minecraft:lime_concrete":2,"minecraft:gravel":1,"minecraft:lava_bucket":1,"minecraft:grass_block":1,"minecraft:redstone":5,"minecraft:mossy_cobblestone":1,"minecraft:oak_wood":1,"minecraft:firework_rocket":18,"minecraft:diamond":12,"minecraft:black_concrete":3,"minecraft:bone_meal":2,"minecraft:red_concrete":2}},"DataVersion":2975}