{"stats":{"minecraft:dropped":{"minecraft:netherite_axe":1,"minecraft:lantern":10,"minecraft:black_concrete":1},"minecraft:used":{"minecraft:deepslate_tiles":2,"minecraft:deepslate_brick_wall":3,"minecraft:moss_block":10,"minecraft:dark_oak_stairs":7,"minecraft:end_rod":2,"minecraft:black_concrete":621,"minecraft:amethyst_block":1,"minecraft:firework_rocket":1,"minecraft:orange_concrete":31,"minecraft:flint_and_steel":2,"minecraft:red_concrete":48,"minecraft:lantern":2,"minecraft:grass_block":10,"minecraft:redstone":6,"minecraft:copper_block":16,"minecraft:cactus":12,"minecraft:redstone_block":6,"minecraft:pink_concrete":10,"minecraft:deepslate_bricks":70,"minecraft:red_nether_brick_slab":9,"minecraft:netherrack":24,"minecraft:sand":20,"minecraft:coal_block":2,"minecraft:nether_wart_block":9,"minecraft:glowstone":30,"minecraft:dirt":8,"minecraft:infested_mossy_stone_bricks":17,"minecraft:lime_concrete":7,"minecraft:twisting_vines":16,"minecraft:yellow_concrete":8,"minecraft:deepslate_brick_slab":40,"minecraft:infested_cobblestone":13,"minecraft:blue_ice":2,"minecraft:sea_pickle":4,"minecraft:infested_stone_bricks":57,"minecraft:coarse_dirt":25,"minecraft:blue_concrete":11,"minecraft:deepslate_brick_stairs":25,"minecraft:splash_potion":2,"minecraft:stripped_spruce_log":26,"minecraft:shroomlight":28,"minecraft:obsidian":58,"minecraft:dark_oak_planks":138},"minecraft:custom":{"minecraft:time_since_rest":1710,"minecraft:sprint_one_cm":55396,"minecraft:walk_one_cm":174881,"minecraft:drop":3,"minecraft:fly_one_cm":896370,"minecraft:crouch_one_cm":66972,"minecraft:play_time":124582,"minecraft:deaths":15,"minecraft:sneak_time":19361,"minecraft:walk_under_water_one_cm":709,"minecraft:jump":551,"minecraft:leave_game":8,"minecraft:time_since_death":1702,"minecraft:walk_on_water_one_cm":42,"minecraft:climb_one_cm":408,"minecraft:total_world_time":124582},"minecraft:picked_up":{"minecraft:spruce_pressure_plate":1,"minecraft:pink_concrete":3,"minecraft:coarse_dirt":1,"minecraft:bee_nest":1,"minecraft:nether_quartz_ore":51,"minecraft:light_blue_concrete":2,"minecraft:water_bucket":1,"minecraft:black_bed":1,"minecraft:yellow_concrete":2,"minecraft:lime_concrete":2,"minecraft:gravel":1,"minecraft:lava_bucket":1,"minecraft:grass_block":1,"minecraft:blue_concrete":2,"minecraft:redstone":5,"minecraft:moss_carpet":1,"minecraft:dirt":1,"minecraft:mossy_cobblestone":1,"minecraft:lantern":22,"minecraft:orange_concrete":3,"minecraft:oak_wood":1,"minecraft:firework_rocket":18,"minecraft:oak_sign":4,"minecraft:diamond":12,"minecraft:black_concrete":3,"minecraft:bucket":1,"minecraft:bone_meal":2,"minecraft:netherite_axe":20,"minecraft:azalea_leaves":1,"minecraft:moss_block":1,"minecraft:red_concrete":2,"minecraft:chest":1,"minecraft:purple_concrete":3}},"DataVersion":2975}