{"stats":{"minecraft:custom":{"minecraft:jump":145,"minecraft:time_since_rest":552,"minecraft:leave_game":1,"minecraft:damage_dealt":230,"minecraft:crouch_one_cm":620,"minecraft:deaths":14,"minecraft:sprint_one_cm":17143,"minecraft:play_time":10144,"minecraft:damage_taken":3738,"minecraft:time_since_death":0,"minecraft:walk_one_cm":24599,"minecraft:sneak_time":386,"minecraft:climb_one_cm":42,"minecraft:total_world_time":10144,"minecraft:fall_one_cm":1284,"minecraft:fly_one_cm":14376},"minecraft:killed_by":{"minecraft:player":14}},"DataVersion":2975}