{"stats":{"minecraft:dropped":{"minecraft:netherite_axe":1,"minecraft:lantern":10},"minecraft:used":{"minecraft:shroomlight":28,"minecraft:deepslate_brick_wall":3,"minecraft:moss_block":6,"minecraft:dark_oak_planks":138,"minecraft:dark_oak_stairs":7,"minecraft:end_rod":2,"minecraft:black_concrete":248,"minecraft:amethyst_block":1,"minecraft:orange_concrete":1,"minecraft:flint_and_steel":2,"minecraft:red_concrete":19,"minecraft:lantern":2,"minecraft:grass_block":10,"minecraft:redstone":6,"minecraft:copper_block":16,"minecraft:cactus":12,"minecraft:redstone_block":6,"minecraft:deepslate_bricks":70,"minecraft:netherrack":24,"minecraft:pink_concrete":10,"minecraft:lime_concrete":7,"minecraft:sand":20,"minecraft:coal_block":2,"minecraft:nether_wart_block":9,"minecraft:glowstone":30,"minecraft:dirt":8,"minecraft:infested_mossy_stone_bricks":17,"minecraft:red_nether_brick_slab":9,"minecraft:twisting_vines":16,"minecraft:yellow_concrete":8,"minecraft:blue_ice":2,"minecraft:infested_cobblestone":13,"minecraft:deepslate_brick_slab":40,"minecraft:sea_pickle":4,"minecraft:coarse_dirt":7,"minecraft:infested_stone_bricks":57,"minecraft:blue_concrete":11,"minecraft:deepslate_brick_stairs":25,"minecraft:splash_potion":2,"minecraft:stripped_spruce_log":26,"minecraft:obsidian":58,"minecraft:deepslate_tiles":2},"minecraft:custom":{"minecraft:time_since_rest":58370,"minecraft:sprint_one_cm":35737,"minecraft:walk_one_cm":123913,"minecraft:drop":2,"minecraft:fly_one_cm":659012,"minecraft:crouch_one_cm":51034,"minecraft:play_time":90318,"minecraft:deaths":5,"minecraft:sneak_time":13535,"minecraft:jump":369,"minecraft:leave_game":3,"minecraft:time_since_death":58363,"minecraft:total_world_time":90318,"minecraft:climb_one_cm":408},"minecraft:picked_up":{"minecraft:spruce_pressure_plate":1,"minecraft:coarse_dirt":1,"minecraft:nether_quartz_ore":51,"minecraft:redstone":1,"minecraft:dirt":1,"minecraft:moss_carpet":1,"minecraft:lantern":22,"minecraft:oak_sign":4,"minecraft:netherite_axe":20}},"DataVersion":2975}