{"stats":{"minecraft:mined":{"minecraft:birch_wall_sign":1},"minecraft:dropped":{"minecraft:birch_sign":1},"minecraft:picked_up":{"minecraft:arrow":6,"minecraft:coarse_dirt":1,"minecraft:bone":4,"minecraft:rotten_flesh":7,"minecraft:diamond":1,"minecraft:birch_sign":2,"minecraft:gunpowder":10,"minecraft:grass_block":1,"minecraft:spider_eye":3,"minecraft:string":10},"minecraft:used":{"minecraft:torch":69,"minecraft:netherite_sword":50,"minecraft:grass_block":1,"minecraft:birch_sign":10,"minecraft:green_wool":12,"minecraft:coarse_dirt":11,"minecraft:spruce_fence":5,"minecraft:white_dye":1,"minecraft:glow_ink_sac":5,"minecraft:purple_dye":2,"minecraft:oak_log":1},"minecraft:custom":{"minecraft:open_chest":1,"minecraft:time_since_rest":25107,"minecraft:crouch_one_cm":1868,"minecraft:play_time":44635,"minecraft:sprint_one_cm":33563,"minecraft:deaths":2,"minecraft:walk_one_cm":54634,"minecraft:sneak_time":3043,"minecraft:walk_under_water_one_cm":4852,"minecraft:mob_kills":18,"minecraft:drop":1,"minecraft:jump":107,"minecraft:damage_dealt":3410,"minecraft:leave_game":1,"minecraft:time_since_death":25075,"minecraft:walk_on_water_one_cm":2209,"minecraft:climb_one_cm":850,"minecraft:total_world_time":44635,"minecraft:fly_one_cm":540717,"minecraft:fall_one_cm":209},"minecraft:killed":{"minecraft:skeleton":2,"minecraft:spider":7,"minecraft:zombie":5,"minecraft:creeper":4}},"DataVersion":2975}