{"stats":{"minecraft:dropped":{"minecraft:yellow_concrete_powder":1,"minecraft:moss_block":1,"minecraft:coarse_dirt":1,"minecraft:netherite_axe":54,"minecraft:lantern":10,"minecraft:nether_quartz_ore":51,"minecraft:magenta_concrete":1,"minecraft:redstone":3},"minecraft:used":{"minecraft:moss_block":19,"minecraft:water_bucket":4,"minecraft:light_gray_dye":2,"minecraft:polished_deepslate":11,"minecraft:oak_planks":31,"minecraft:oak_sign":2,"minecraft:waxed_oxidized_cut_copper":1,"minecraft:smooth_quartz":10,"minecraft:redstone_block":13,"minecraft:white_dye":1,"minecraft:glow_ink_sac":2,"minecraft:bucket":2,"minecraft:lapis_block":43,"minecraft:infested_stone_bricks":10},"minecraft:custom":{"minecraft:time_since_rest":37457,"minecraft:sprint_one_cm":20628,"minecraft:damage_taken":1650,"minecraft:walk_one_cm":91349,"minecraft:drop":77,"minecraft:swim_one_cm":1070,"minecraft:fly_one_cm":342558,"minecraft:fill_cauldron":1,"minecraft:crouch_one_cm":8431,"minecraft:play_time":56789,"minecraft:deaths":5,"minecraft:sneak_time":4623,"minecraft:walk_under_water_one_cm":624,"minecraft:jump":382,"minecraft:leave_game":2,"minecraft:time_since_death":37450,"minecraft:walk_on_water_one_cm":2270,"minecraft:total_world_time":56789,"minecraft:climb_one_cm":1019,"minecraft:fall_one_cm":12814},"minecraft:picked_up":{"minecraft:redstone":3,"minecraft:yellow_concrete_powder":1,"minecraft:lantern":8,"minecraft:moss_carpet":3,"minecraft:netherite_sword":1,"minecraft:iron_block":1,"minecraft:netherite_axe":29,"minecraft:moss_block":1,"minecraft:magenta_concrete":1,"minecraft:oak_planks":1}},"DataVersion":2975}