{"stats":{"minecraft:dropped":{"minecraft:moss_block":1,"minecraft:netherite_axe":52},"minecraft:custom":{"minecraft:jump":98,"minecraft:time_since_rest":5889,"minecraft:damage_taken":410,"minecraft:leave_game":2,"minecraft:play_time":14789,"minecraft:crouch_one_cm":920,"minecraft:time_since_death":5881,"minecraft:walk_one_cm":19410,"minecraft:sprint_one_cm":5514,"minecraft:walk_on_water_one_cm":254,"minecraft:deaths":2,"minecraft:walk_under_water_one_cm":624,"minecraft:sneak_time":618,"minecraft:total_world_time":14789,"minecraft:climb_one_cm":1019,"minecraft:swim_one_cm":1070,"minecraft:fall_one_cm":209,"minecraft:drop":53,"minecraft:fly_one_cm":72725},"minecraft:picked_up":{"minecraft:netherite_axe":26,"minecraft:moss_block":1,"minecraft:netherite_sword":1}},"DataVersion":2975}