{"stats":{"minecraft:dropped":{"minecraft:moss_block":1},"minecraft:custom":{"minecraft:jump":66,"minecraft:time_since_rest":412,"minecraft:leave_game":1,"minecraft:deaths":2,"minecraft:crouch_one_cm":212,"minecraft:walk_on_water_one_cm":254,"minecraft:sprint_one_cm":2016,"minecraft:play_time":9312,"minecraft:damage_taken":410,"minecraft:time_since_death":404,"minecraft:walk_one_cm":13508,"minecraft:sneak_time":404,"minecraft:climb_one_cm":1019,"minecraft:total_world_time":9312,"minecraft:walk_under_water_one_cm":624,"minecraft:swim_one_cm":1070,"minecraft:drop":1,"minecraft:fall_one_cm":209,"minecraft:fly_one_cm":55964},"minecraft:picked_up":{"minecraft:moss_block":1,"minecraft:netherite_sword":1}},"DataVersion":2975}