{"stats":{"minecraft:custom":{"minecraft:time_since_rest":593,"minecraft:crouch_one_cm":884,"minecraft:sprint_one_cm":21801,"minecraft:play_time":25390,"minecraft:deaths":18,"minecraft:damage_taken":5416,"minecraft:walk_one_cm":32060,"minecraft:sneak_time":619,"minecraft:walk_under_water_one_cm":16688,"minecraft:mob_kills":2,"minecraft:jump":345,"minecraft:damage_dealt":1121,"minecraft:leave_game":1,"minecraft:time_since_death":559,"minecraft:walk_on_water_one_cm":4175,"minecraft:climb_one_cm":1276,"minecraft:total_world_time":25390,"minecraft:swim_one_cm":3068,"minecraft:fall_one_cm":1581,"minecraft:fly_one_cm":37626,"minecraft:player_kills":3},"minecraft:killed_by":{"minecraft:zombie":2,"minecraft:player":10},"minecraft:used":{"minecraft:tnt":5,"minecraft:green_wool":2,"minecraft:coarse_dirt":1},"minecraft:picked_up":{"minecraft:tnt":5,"minecraft:coarse_dirt":1,"minecraft:green_wool":2,"minecraft:grass_block":1},"minecraft:mined":{"minecraft:tnt":9,"minecraft:green_wool":1},"minecraft:killed":{"minecraft:zombie":1}},"DataVersion":2975}