{"stats":{"minecraft:custom":{"minecraft:time_since_rest":9640,"minecraft:sprint_one_cm":37539,"minecraft:walk_one_cm":48087,"minecraft:damage_taken":5736,"minecraft:mob_kills":11,"minecraft:damage_dealt":2321,"minecraft:swim_one_cm":5790,"minecraft:player_kills":3,"minecraft:fly_one_cm":63186,"minecraft:crouch_one_cm":2551,"minecraft:play_time":37779,"minecraft:deaths":19,"minecraft:sneak_time":1133,"minecraft:walk_under_water_one_cm":21592,"minecraft:jump":434,"minecraft:leave_game":2,"minecraft:walk_on_water_one_cm":4771,"minecraft:time_since_death":9607,"minecraft:total_world_time":37779,"minecraft:climb_one_cm":1276,"minecraft:fall_one_cm":8360},"minecraft:killed_by":{"minecraft:player":10,"minecraft:zombie":2},"minecraft:used":{"minecraft:netherite_sword":14,"minecraft:flint_and_steel":6,"minecraft:netherite_chestplate":1,"minecraft:green_wool":2,"minecraft:netherite_boots":1,"minecraft:netherite_leggings":1,"minecraft:tnt":85,"minecraft:netherite_helmet":1,"minecraft:coarse_dirt":1},"minecraft:picked_up":{"minecraft:coarse_dirt":2,"minecraft:stick":3,"minecraft:water_bucket":1,"minecraft:grass_block":1,"minecraft:gunpowder":4,"minecraft:dirt":4,"minecraft:tnt":7,"minecraft:bone":1,"minecraft:arrow":1,"minecraft:rotten_flesh":2,"minecraft:green_wool":3},"minecraft:mined":{"minecraft:tnt":17,"minecraft:oak_sign":1,"minecraft:green_wool":1},"minecraft:killed":{"minecraft:skeleton":1,"minecraft:zombie":4,"minecraft:spider":2,"minecraft:creeper":3}},"DataVersion":2975}