{"stats":{"minecraft:dropped":{"minecraft:yellow_concrete_powder":1,"minecraft:moss_block":1,"minecraft:coarse_dirt":1,"minecraft:diamond":3,"minecraft:netherite_axe":54,"minecraft:lantern":10,"minecraft:nether_quartz_ore":51,"minecraft:magenta_concrete":1,"minecraft:redstone":3,"minecraft:firework_rocket":86},"minecraft:used":{"minecraft:moss_block":113,"minecraft:stone_brick_slab":77,"minecraft:water_bucket":45,"minecraft:firework_rocket":118,"minecraft:light_gray_dye":2,"minecraft:polished_deepslate":13,"minecraft:quartz_slab":3,"minecraft:heavy_weighted_pressure_plate":4,"minecraft:lantern":8,"minecraft:grass_block":1,"minecraft:oak_planks":33,"minecraft:stone_button":5,"minecraft:oak_sign":2,"minecraft:waxed_oxidized_cut_copper":1,"minecraft:iron_door":4,"minecraft:redstone_block":13,"minecraft:ender_chest":1,"minecraft:white_dye":1,"minecraft:dark_oak_button":1,"minecraft:smooth_quartz":20,"minecraft:glow_ink_sac":2,"minecraft:totem_of_undying":6,"minecraft:stone_brick_stairs":41,"minecraft:deepslate_bricks":18,"minecraft:orange_bed":1,"minecraft:dirt":3,"minecraft:crafting_table":1,"minecraft:oak_sapling":1,"minecraft:magenta_bed":1,"minecraft:smithing_table":1,"minecraft:chain":18,"minecraft:bucket":43,"minecraft:lapis_block":43,"minecraft:coarse_dirt":2,"minecraft:infested_stone_bricks":39,"minecraft:bone_meal":6},"minecraft:custom":{"minecraft:time_since_rest":2989,"minecraft:interact_with_smithing_table":2,"minecraft:sprint_one_cm":61405,"minecraft:open_enderchest":7,"minecraft:damage_taken":7060,"minecraft:walk_one_cm":205448,"minecraft:drop":146,"minecraft:swim_one_cm":1070,"minecraft:interact_with_crafting_table":1,"minecraft:fly_one_cm":753884,"minecraft:open_chest":3,"minecraft:fill_cauldron":1,"minecraft:crouch_one_cm":22695,"minecraft:play_time":128666,"minecraft:deaths":14,"minecraft:sneak_time":10154,"minecraft:walk_under_water_one_cm":2587,"minecraft:jump":789,"minecraft:leave_game":3,"minecraft:walk_on_water_one_cm":5407,"minecraft:time_since_death":2982,"minecraft:climb_one_cm":1192,"minecraft:total_world_time":128666,"minecraft:fall_one_cm":74413},"minecraft:crafted":{"minecraft:diamond":572},"minecraft:picked_up":{"minecraft:water_bucket":1,"minecraft:white_bed":1,"minecraft:redstone":3,"minecraft:yellow_concrete_powder":1,"minecraft:moss_carpet":3,"minecraft:lantern":9,"minecraft:twisting_vines":8,"minecraft:firework_rocket":22,"minecraft:netherite_sword":1,"minecraft:iron_block":1,"minecraft:bone_meal":1,"minecraft:netherite_axe":29,"minecraft:totem_of_undying":1,"minecraft:moss_block":1,"minecraft:magenta_concrete":1,"minecraft:oak_planks":1}},"DataVersion":2975}