{"stats":{"minecraft:dropped":{"minecraft:lantern":10,"minecraft:moss_block":1,"minecraft:nether_quartz_ore":51,"minecraft:coarse_dirt":1,"minecraft:netherite_axe":54,"minecraft:redstone":3},"minecraft:custom":{"minecraft:time_since_rest":7457,"minecraft:crouch_one_cm":3151,"minecraft:sprint_one_cm":11674,"minecraft:play_time":26789,"minecraft:deaths":5,"minecraft:damage_taken":1650,"minecraft:walk_one_cm":44548,"minecraft:sneak_time":2203,"minecraft:walk_under_water_one_cm":624,"minecraft:drop":75,"minecraft:jump":228,"minecraft:leave_game":2,"minecraft:walk_on_water_one_cm":254,"minecraft:time_since_death":7450,"minecraft:climb_one_cm":1019,"minecraft:total_world_time":26789,"minecraft:swim_one_cm":1070,"minecraft:fall_one_cm":12814,"minecraft:fly_one_cm":198743},"minecraft:picked_up":{"minecraft:netherite_sword":1,"minecraft:iron_block":1,"minecraft:netherite_axe":29,"minecraft:redstone":3,"minecraft:moss_block":1,"minecraft:oak_planks":1,"minecraft:lantern":8}},"DataVersion":2975}