{"stats":{"minecraft:dropped":{"minecraft:yellow_concrete_powder":1,"minecraft:lantern":10,"minecraft:moss_block":1,"minecraft:nether_quartz_ore":51,"minecraft:coarse_dirt":1,"minecraft:magenta_concrete":1,"minecraft:netherite_axe":54,"minecraft:redstone":3},"minecraft:used":{"minecraft:moss_block":19,"minecraft:water_bucket":4,"minecraft:oak_planks":31,"minecraft:bucket":2,"minecraft:oak_sign":1,"minecraft:infested_stone_bricks":10,"minecraft:glow_ink_sac":1},"minecraft:custom":{"minecraft:time_since_rest":25457,"minecraft:fill_cauldron":1,"minecraft:crouch_one_cm":8011,"minecraft:sprint_one_cm":18419,"minecraft:play_time":44789,"minecraft:deaths":5,"minecraft:damage_taken":1650,"minecraft:walk_one_cm":70613,"minecraft:sneak_time":4151,"minecraft:walk_under_water_one_cm":624,"minecraft:drop":77,"minecraft:jump":339,"minecraft:leave_game":2,"minecraft:walk_on_water_one_cm":2270,"minecraft:time_since_death":25450,"minecraft:climb_one_cm":1019,"minecraft:total_world_time":44789,"minecraft:swim_one_cm":1070,"minecraft:fall_one_cm":12814,"minecraft:fly_one_cm":302434},"minecraft:picked_up":{"minecraft:netherite_sword":1,"minecraft:iron_block":1,"minecraft:netherite_axe":29,"minecraft:yellow_concrete_powder":1,"minecraft:redstone":3,"minecraft:moss_block":1,"minecraft:magenta_concrete":1,"minecraft:oak_planks":1,"minecraft:moss_carpet":3,"minecraft:lantern":8}},"DataVersion":2975}