{"stats":{"minecraft:dropped":{"minecraft:yellow_concrete_powder":1,"minecraft:moss_block":1,"minecraft:coarse_dirt":1,"minecraft:diamond":3,"minecraft:netherite_axe":54,"minecraft:lantern":10,"minecraft:nether_quartz_ore":51,"minecraft:magenta_concrete":1,"minecraft:redstone":3,"minecraft:firework_rocket":86},"minecraft:used":{"minecraft:moss_block":19,"minecraft:stone_brick_slab":77,"minecraft:water_bucket":4,"minecraft:firework_rocket":118,"minecraft:light_gray_dye":2,"minecraft:polished_deepslate":13,"minecraft:quartz_slab":3,"minecraft:heavy_weighted_pressure_plate":4,"minecraft:lantern":8,"minecraft:grass_block":1,"minecraft:oak_planks":33,"minecraft:stone_button":5,"minecraft:oak_sign":2,"minecraft:waxed_oxidized_cut_copper":1,"minecraft:ender_chest":1,"minecraft:iron_door":4,"minecraft:smooth_quartz":20,"minecraft:redstone_block":13,"minecraft:white_dye":1,"minecraft:glow_ink_sac":2,"minecraft:stone_brick_stairs":41,"minecraft:crafting_table":1,"minecraft:oak_sapling":1,"minecraft:magenta_bed":1,"minecraft:smithing_table":1,"minecraft:bucket":2,"minecraft:lapis_block":43,"minecraft:chain":18,"minecraft:coarse_dirt":2,"minecraft:infested_stone_bricks":39,"minecraft:bone_meal":6},"minecraft:custom":{"minecraft:time_since_rest":4036,"minecraft:interact_with_smithing_table":2,"minecraft:open_enderchest":7,"minecraft:sprint_one_cm":46770,"minecraft:damage_taken":1900,"minecraft:walk_one_cm":158637,"minecraft:drop":146,"minecraft:swim_one_cm":1070,"minecraft:interact_with_crafting_table":1,"minecraft:fly_one_cm":641676,"minecraft:fill_cauldron":1,"minecraft:crouch_one_cm":16593,"minecraft:play_time":104789,"minecraft:deaths":8,"minecraft:sneak_time":8514,"minecraft:walk_under_water_one_cm":624,"minecraft:jump":616,"minecraft:leave_game":2,"minecraft:time_since_death":4030,"minecraft:walk_on_water_one_cm":2270,"minecraft:total_world_time":104789,"minecraft:climb_one_cm":1019,"minecraft:fall_one_cm":18573},"minecraft:crafted":{"minecraft:diamond":572},"minecraft:picked_up":{"minecraft:redstone":3,"minecraft:yellow_concrete_powder":1,"minecraft:lantern":8,"minecraft:moss_carpet":3,"minecraft:firework_rocket":22,"minecraft:netherite_sword":1,"minecraft:bone_meal":1,"minecraft:iron_block":1,"minecraft:netherite_axe":29,"minecraft:moss_block":1,"minecraft:magenta_concrete":1,"minecraft:oak_planks":1}},"DataVersion":2975}