{"stats":{"minecraft:custom":{"minecraft:jump":285,"minecraft:time_since_rest":79,"minecraft:leave_game":1,"minecraft:damage_dealt":907,"minecraft:crouch_one_cm":331,"minecraft:deaths":12,"minecraft:sprint_one_cm":16789,"minecraft:play_time":15618,"minecraft:damage_taken":3626,"minecraft:time_since_death":0,"minecraft:walk_one_cm":26122,"minecraft:sneak_time":424,"minecraft:climb_one_cm":1276,"minecraft:total_world_time":15618,"minecraft:fall_one_cm":1372,"minecraft:fly_one_cm":31445,"minecraft:player_kills":3},"minecraft:killed_by":{"minecraft:player":8},"minecraft:picked_up":{"minecraft:grass_block":1}},"DataVersion":2975}