{"stats":{"minecraft:custom":{"minecraft:jump":24,"minecraft:time_since_rest":1349,"minecraft:crouch_one_cm":126,"minecraft:walk_on_water_one_cm":53,"minecraft:sprint_one_cm":870,"minecraft:play_time":1349,"minecraft:damage_taken":160,"minecraft:time_since_death":1349,"minecraft:walk_one_cm":2493,"minecraft:sneak_time":82,"minecraft:climb_one_cm":256,"minecraft:total_world_time":1349,"minecraft:walk_under_water_one_cm":271,"minecraft:fall_one_cm":209,"minecraft:fly_one_cm":15369}},"DataVersion":2975}