{"stats":{"minecraft:dropped":{"minecraft:yellow_concrete_powder":1,"minecraft:moss_block":1,"minecraft:coarse_dirt":1,"minecraft:diamond":3,"minecraft:netherite_axe":54,"minecraft:lantern":10,"minecraft:blue_concrete":1,"minecraft:magenta_concrete":1,"minecraft:nether_quartz_ore":51,"minecraft:redstone":3,"minecraft:firework_rocket":86},"minecraft:used":{"minecraft:moss_block":114,"minecraft:water_bucket":47,"minecraft:light_gray_dye":2,"minecraft:polished_deepslate":13,"minecraft:oak_planks":33,"minecraft:oak_sign":2,"minecraft:waxed_oxidized_cut_copper":1,"minecraft:ender_chest":1,"minecraft:redstone_block":13,"minecraft:white_dye":1,"minecraft:glow_ink_sac":2,"minecraft:deepslate_bricks":18,"minecraft:orange_bed":1,"minecraft:dirt":3,"minecraft:light_blue_concrete":1,"minecraft:crafting_table":1,"minecraft:magenta_bed":1,"minecraft:yellow_concrete":1,"minecraft:infested_stone_bricks":39,"minecraft:stone_brick_slab":77,"minecraft:firework_rocket":127,"minecraft:quartz_slab":3,"minecraft:heavy_weighted_pressure_plate":4,"minecraft:lantern":8,"minecraft:grass_block":1,"minecraft:stone_button":5,"minecraft:smooth_quartz":20,"minecraft:iron_door":4,"minecraft:dark_oak_button":1,"minecraft:totem_of_undying":10,"minecraft:stone_brick_stairs":41,"minecraft:oak_sapling":1,"minecraft:smithing_table":1,"minecraft:lapis_block":43,"minecraft:bucket":45,"minecraft:chain":18,"minecraft:coarse_dirt":2,"minecraft:bone_meal":6},"minecraft:custom":{"minecraft:interact_with_smithing_table":2,"minecraft:interact_with_crafting_table":1,"minecraft:fill_cauldron":1,"minecraft:leave_game":5,"minecraft:time_since_death":876,"minecraft:climb_one_cm":1192,"minecraft:time_since_rest":884,"minecraft:walk_one_cm":225854,"minecraft:sprint_one_cm":81494,"minecraft:open_enderchest":8,"minecraft:damage_taken":11710,"minecraft:damage_absorbed":20,"minecraft:drop":147,"minecraft:swim_one_cm":1070,"minecraft:fly_one_cm":849649,"minecraft:open_chest":3,"minecraft:crouch_one_cm":25324,"minecraft:play_time":150078,"minecraft:deaths":29,"minecraft:sneak_time":11660,"minecraft:walk_under_water_one_cm":3148,"minecraft:jump":1011,"minecraft:walk_on_water_one_cm":6399,"minecraft:total_world_time":150078,"minecraft:fall_one_cm":125056},"minecraft:crafted":{"minecraft:diamond":572},"minecraft:picked_up":{"minecraft:light_blue_concrete":1,"minecraft:water_bucket":4,"minecraft:blue_concrete":1,"minecraft:lantern":9,"minecraft:moss_carpet":3,"minecraft:orange_concrete":1,"minecraft:twisting_vines":8,"minecraft:netherite_sword":1,"minecraft:netherite_axe":29,"minecraft:moss_block":3,"minecraft:oak_planks":1,"minecraft:purple_concrete":1,"minecraft:pink_concrete":1,"minecraft:yellow_concrete":1,"minecraft:white_bed":1,"minecraft:redstone":3,"minecraft:yellow_concrete_powder":1,"minecraft:firework_rocket":31,"minecraft:diamond":3,"minecraft:black_concrete":2,"minecraft:bone_meal":1,"minecraft:iron_block":1,"minecraft:totem_of_undying":1,"minecraft:magenta_concrete":1,"minecraft:red_concrete":1},"minecraft:mined":{"minecraft:moss_block":1}},"DataVersion":2975}