{"stats":{"minecraft:used":{"minecraft:barrel":3,"minecraft:glass":3,"minecraft:item_frame":9,"minecraft:water_bucket":1,"minecraft:dark_oak_planks":8,"minecraft:lever":1,"minecraft:dirt":4,"minecraft:azalea_leaves":42,"minecraft:spruce_slab":1,"minecraft:spruce_stairs":2,"minecraft:campfire":12,"minecraft:dark_oak_slab":2,"minecraft:spruce_trapdoor":4,"minecraft:spruce_fence":47,"minecraft:cauldron":1,"minecraft:spruce_log":8,"minecraft:smoker":2,"minecraft:moss_block":1},"minecraft:custom":{"minecraft:time_since_rest":13302,"minecraft:fill_cauldron":1,"minecraft:crouch_one_cm":2108,"minecraft:play_time":25796,"minecraft:sprint_one_cm":8328,"minecraft:walk_one_cm":27972,"minecraft:deaths":3,"minecraft:sneak_time":1338,"minecraft:walk_under_water_one_cm":1808,"minecraft:jump":116,"minecraft:time_since_death":13297,"minecraft:walk_on_water_one_cm":196,"minecraft:interact_with_smoker":1,"minecraft:total_world_time":25796,"minecraft:fall_one_cm":420,"minecraft:fly_one_cm":122009},"minecraft:picked_up":{"minecraft:item_frame":1,"minecraft:netherite_axe":81}},"DataVersion":2975}