{"stats":{"minecraft:dropped":{"minecraft:shield":1,"minecraft:golden_carrot":64,"minecraft:iron_chestplate":1,"minecraft:iron_helmet":1,"minecraft:iron_leggings":1,"minecraft:iron_boots":1},"minecraft:used":{"minecraft:moss_block":2,"minecraft:glass":3,"minecraft:lever":1,"minecraft:dark_oak_planks":8,"minecraft:water_bucket":1,"minecraft:light":8,"minecraft:grass_block":13,"minecraft:spruce_slab":1,"minecraft:oak_planks":1,"minecraft:chest":2,"minecraft:dark_oak_slab":2,"minecraft:iron_sword":2,"minecraft:spruce_trapdoor":4,"minecraft:cauldron":1,"minecraft:barrel":3,"minecraft:item_frame":9,"minecraft:dirt":4,"minecraft:azalea_leaves":42,"minecraft:spruce_stairs":2,"minecraft:campfire":12,"minecraft:spruce_fence":47,"minecraft:spruce_log":8,"minecraft:smoker":2},"minecraft:custom":{"minecraft:time_since_rest":28259,"minecraft:sprint_one_cm":12367,"minecraft:walk_one_cm":46704,"minecraft:mob_kills":1,"minecraft:drop":6,"minecraft:damage_dealt":100,"minecraft:fly_one_cm":507127,"minecraft:open_barrel":1,"minecraft:fill_cauldron":1,"minecraft:crouch_one_cm":2434,"minecraft:play_time":40753,"minecraft:deaths":3,"minecraft:sneak_time":2723,"minecraft:walk_under_water_one_cm":2065,"minecraft:jump":187,"minecraft:walk_on_water_one_cm":252,"minecraft:leave_game":2,"minecraft:time_since_death":28254,"minecraft:interact_with_smoker":1,"minecraft:total_world_time":40753,"minecraft:fall_one_cm":420},"minecraft:killed":{"minecraft:cow":1},"minecraft:picked_up":{"minecraft:iron_chestplate":1,"minecraft:shield":1,"minecraft:tnt":1,"minecraft:item_frame":1,"minecraft:iron_helmet":1,"minecraft:beef":1,"minecraft:netherite_axe":81,"minecraft:moss_block":1},"minecraft:mined":{"minecraft:moss_block":1}},"DataVersion":2975}