{"stats":{"minecraft:dropped":{"minecraft:command_block":1,"minecraft:netherite_sword":1},"minecraft:picked_up":{"minecraft:command_block":1,"minecraft:diamond":54},"minecraft:used":{"minecraft:oak_trapdoor":1,"minecraft:basalt":16,"minecraft:orange_bed":8,"minecraft:green_carpet":128,"minecraft:torch":3,"minecraft:bricks":184,"minecraft:grass_block":1,"minecraft:jungle_slab":1,"minecraft:chest":2,"minecraft:granite":32},"minecraft:custom":{"minecraft:time_since_rest":29601,"minecraft:play_time":29601,"minecraft:crouch_one_cm":2109,"minecraft:sprint_one_cm":11315,"minecraft:walk_one_cm":120205,"minecraft:sneak_time":1343,"minecraft:drop":2,"minecraft:jump":95,"minecraft:damage_dealt":45,"minecraft:leave_game":1,"minecraft:time_since_death":29601,"minecraft:total_world_time":29601,"minecraft:climb_one_cm":143,"minecraft:fly_one_cm":307917}},"DataVersion":2975}