{"stats":{"minecraft:used":{"minecraft:dark_oak_planks":8,"minecraft:campfire":8,"minecraft:dark_oak_slab":2,"minecraft:dirt":4,"minecraft:spruce_fence":47,"minecraft:smoker":2,"minecraft:spruce_log":8},"minecraft:custom":{"minecraft:jump":66,"minecraft:time_since_rest":1302,"minecraft:walk_on_water_one_cm":63,"minecraft:deaths":3,"minecraft:crouch_one_cm":183,"minecraft:sprint_one_cm":2569,"minecraft:play_time":13796,"minecraft:time_since_death":1297,"minecraft:walk_one_cm":12476,"minecraft:sneak_time":396,"minecraft:total_world_time":13796,"minecraft:walk_under_water_one_cm":910,"minecraft:fall_one_cm":420,"minecraft:fly_one_cm":95936},"minecraft:picked_up":{"minecraft:netherite_axe":81}},"DataVersion":2975}