{"stats":{"minecraft:used":{"minecraft:lever":7,"minecraft:bedrock":1,"minecraft:water_bucket":3,"minecraft:bow":3,"minecraft:command_block":4,"minecraft:quartz_slab":20,"minecraft:iron_block":86,"minecraft:oak_sign":5,"minecraft:glow_ink_sac":1},"minecraft:custom":{"minecraft:time_since_rest":8278,"minecraft:crouch_one_cm":542,"minecraft:sprint_one_cm":610,"minecraft:deaths":2,"minecraft:play_time":21279,"minecraft:damage_taken":60,"minecraft:walk_one_cm":34591,"minecraft:sneak_time":254,"minecraft:jump":43,"minecraft:leave_game":3,"minecraft:time_since_death":8271,"minecraft:walk_on_water_one_cm":3007,"minecraft:total_world_time":21279,"minecraft:fall_one_cm":858,"minecraft:fly_one_cm":41582},"minecraft:picked_up":{"minecraft:quartz_slab":1,"minecraft:oak_sign":1,"minecraft:command_block":1,"minecraft:glow_ink_sac":1,"minecraft:water_bucket":2,"minecraft:bow":1,"minecraft:dandelion":2,"minecraft:iron_block":1,"minecraft:bedrock":1,"minecraft:netherite_shovel":1,"minecraft:netherite_pickaxe":1}},"DataVersion":2975}