{"stats":{"minecraft:dropped":{"minecraft:netherite_axe":2},"minecraft:used":{"minecraft:lever":34,"minecraft:bedrock":1,"minecraft:water_bucket":3,"minecraft:bow":3,"minecraft:command_block":13,"minecraft:quartz_slab":20,"minecraft:iron_block":87,"minecraft:grass_block":7,"minecraft:redstone":9,"minecraft:netherite_axe":1,"minecraft:oak_sign":5,"minecraft:glow_ink_sac":1},"minecraft:custom":{"minecraft:time_since_rest":32278,"minecraft:crouch_one_cm":867,"minecraft:sprint_one_cm":3811,"minecraft:deaths":2,"minecraft:play_time":45279,"minecraft:damage_taken":60,"minecraft:walk_one_cm":58088,"minecraft:sneak_time":484,"minecraft:drop":2,"minecraft:jump":102,"minecraft:leave_game":3,"minecraft:time_since_death":32271,"minecraft:walk_on_water_one_cm":3007,"minecraft:total_world_time":45279,"minecraft:fall_one_cm":858,"minecraft:fly_one_cm":52098},"minecraft:picked_up":{"minecraft:quartz_slab":1,"minecraft:oak_sign":1,"minecraft:command_block":1,"minecraft:glow_ink_sac":1,"minecraft:water_bucket":2,"minecraft:bow":1,"minecraft:lever":1,"minecraft:dandelion":2,"minecraft:iron_block":1,"minecraft:bedrock":1,"minecraft:netherite_shovel":1,"minecraft:netherite_axe":20,"minecraft:netherite_pickaxe":1},"minecraft:mined":{"minecraft:lever":1}},"DataVersion":2975}