{"stats":{"minecraft:dropped":{"minecraft:glow_ink_sac":2,"minecraft:netherite_axe":2},"minecraft:used":{"minecraft:lever":40,"minecraft:water_bucket":3,"minecraft:command_block":13,"minecraft:quartz_slab":46,"minecraft:iron_block":176,"minecraft:grass_block":7,"minecraft:oak_planks":2,"minecraft:redstone":34,"minecraft:netherite_axe":8,"minecraft:oak_sign":16,"minecraft:glow_ink_sac":8,"minecraft:bedrock":1,"minecraft:dirt":1,"minecraft:bow":3},"minecraft:custom":{"minecraft:time_since_rest":25398,"minecraft:sprint_one_cm":26583,"minecraft:damage_taken":60,"minecraft:walk_one_cm":168744,"minecraft:mob_kills":1,"minecraft:drop":4,"minecraft:damage_dealt":400,"minecraft:fly_one_cm":222226,"minecraft:open_chest":3,"minecraft:crouch_one_cm":5073,"minecraft:play_time":86977,"minecraft:deaths":3,"minecraft:sneak_time":2758,"minecraft:jump":323,"minecraft:leave_game":4,"minecraft:walk_on_water_one_cm":3007,"minecraft:time_since_death":25383,"minecraft:total_world_time":86977,"minecraft:fall_one_cm":858},"minecraft:killed":{"minecraft:enderman":1},"minecraft:picked_up":{"minecraft:glow_ink_sac":3,"minecraft:water_bucket":2,"minecraft:dandelion":2,"minecraft:netherite_shovel":1,"minecraft:bedrock":1,"minecraft:redstone":3,"minecraft:netherite_pickaxe":1,"minecraft:dirt":1,"minecraft:quartz_slab":1,"minecraft:command_block":1,"minecraft:oak_sign":2,"minecraft:bow":1,"minecraft:lever":1,"minecraft:iron_block":1,"minecraft:netherite_axe":26,"minecraft:ender_pearl":1},"minecraft:mined":{"minecraft:lever":1}},"DataVersion":2975}