{"stats":{"minecraft:dropped":{"minecraft:glow_ink_sac":2,"minecraft:netherite_axe":2},"minecraft:used":{"minecraft:lever":58,"minecraft:water_bucket":3,"minecraft:command_block":15,"minecraft:quartz_slab":52,"minecraft:iron_block":176,"minecraft:grass_block":7,"minecraft:oak_planks":2,"minecraft:redstone":43,"minecraft:netherite_axe":8,"minecraft:oak_sign":17,"minecraft:glow_ink_sac":9,"minecraft:bedrock":1,"minecraft:dirt":1,"minecraft:bow":3},"minecraft:custom":{"minecraft:time_since_rest":49407,"minecraft:sprint_one_cm":43201,"minecraft:damage_taken":60,"minecraft:walk_one_cm":211056,"minecraft:mob_kills":1,"minecraft:drop":4,"minecraft:damage_dealt":400,"minecraft:fly_one_cm":301318,"minecraft:open_chest":3,"minecraft:crouch_one_cm":6471,"minecraft:play_time":110986,"minecraft:deaths":3,"minecraft:sneak_time":3612,"minecraft:jump":472,"minecraft:leave_game":5,"minecraft:walk_on_water_one_cm":3007,"minecraft:time_since_death":49392,"minecraft:climb_one_cm":704,"minecraft:total_world_time":110986,"minecraft:fall_one_cm":858},"minecraft:killed":{"minecraft:enderman":1},"minecraft:picked_up":{"minecraft:glow_ink_sac":3,"minecraft:water_bucket":2,"minecraft:dandelion":2,"minecraft:netherite_shovel":1,"minecraft:bedrock":1,"minecraft:redstone":3,"minecraft:netherite_pickaxe":1,"minecraft:dirt":1,"minecraft:quartz_slab":1,"minecraft:command_block":1,"minecraft:oak_sign":3,"minecraft:bow":1,"minecraft:lever":2,"minecraft:iron_block":1,"minecraft:netherite_axe":26,"minecraft:ender_pearl":1},"minecraft:mined":{"minecraft:lever":1}},"DataVersion":2975}