{"stats":{"minecraft:used":{"minecraft:bedrock":1,"minecraft:water_bucket":3,"minecraft:bow":3,"minecraft:quartz_slab":15,"minecraft:iron_block":56},"minecraft:custom":{"minecraft:time_since_rest":8291,"minecraft:crouch_one_cm":109,"minecraft:sprint_one_cm":610,"minecraft:deaths":1,"minecraft:play_time":9279,"minecraft:damage_taken":60,"minecraft:walk_one_cm":18219,"minecraft:sneak_time":38,"minecraft:jump":29,"minecraft:leave_game":3,"minecraft:time_since_death":8263,"minecraft:walk_on_water_one_cm":3007,"minecraft:total_world_time":9279,"minecraft:fall_one_cm":858,"minecraft:fly_one_cm":26998},"minecraft:picked_up":{"minecraft:water_bucket":1,"minecraft:bow":1,"minecraft:bedrock":1,"minecraft:netherite_shovel":1,"minecraft:netherite_pickaxe":1}},"DataVersion":2975}