{"stats":{"minecraft:dropped":{"minecraft:glow_ink_sac":2,"minecraft:netherite_axe":2},"minecraft:used":{"minecraft:oak_trapdoor":8,"minecraft:water_bucket":16,"minecraft:lever":58,"minecraft:lava_bucket":1,"minecraft:firework_rocket":29,"minecraft:oak_button":2,"minecraft:command_block":15,"minecraft:quartz_slab":52,"minecraft:iron_block":176,"minecraft:grass_block":117,"minecraft:oak_planks":2,"minecraft:redstone":43,"minecraft:oak_sign":22,"minecraft:netherite_axe":8,"minecraft:iron_door":2,"minecraft:spruce_sapling":1,"minecraft:glow_ink_sac":13,"minecraft:bedrock":1,"minecraft:dirt":2,"minecraft:bow":3,"minecraft:azalea_leaves":160,"minecraft:oak_sapling":4,"minecraft:twisting_vines":63,"minecraft:bucket":10,"minecraft:bone_meal":28,"minecraft:oak_fence_gate":1},"minecraft:custom":{"minecraft:time_since_rest":7344,"minecraft:interact_with_furnace":1,"minecraft:sprint_one_cm":92800,"minecraft:damage_taken":420,"minecraft:walk_one_cm":348558,"minecraft:mob_kills":1,"minecraft:drop":4,"minecraft:damage_dealt":400,"minecraft:interact_with_crafting_table":1,"minecraft:fly_one_cm":540742,"minecraft:open_chest":3,"minecraft:crouch_one_cm":11685,"minecraft:play_time":173961,"minecraft:deaths":6,"minecraft:sneak_time":5799,"minecraft:walk_under_water_one_cm":5453,"minecraft:aviate_one_cm":184426,"minecraft:jump":771,"minecraft:leave_game":8,"minecraft:walk_on_water_one_cm":10735,"minecraft:time_since_death":7328,"minecraft:interact_with_smoker":1,"minecraft:climb_one_cm":1017,"minecraft:total_world_time":173961,"minecraft:fall_one_cm":5111},"minecraft:killed":{"minecraft:enderman":1},"minecraft:picked_up":{"minecraft:bee_nest":2,"minecraft:black_terracotta":1,"minecraft:ladder":1,"minecraft:glow_ink_sac":3,"minecraft:water_bucket":2,"minecraft:black_bed":1,"minecraft:gravel":1,"minecraft:dandelion":2,"minecraft:dripstone_block":64,"minecraft:bedrock":1,"minecraft:netherite_shovel":1,"minecraft:spruce_log":1,"minecraft:redstone":7,"minecraft:netherite_pickaxe":1,"minecraft:dirt":1,"minecraft:mossy_cobblestone":1,"minecraft:oak_wood":1,"minecraft:twisting_vines":3,"minecraft:quartz_slab":1,"minecraft:firework_rocket":14,"minecraft:command_block":1,"minecraft:oak_sign":3,"minecraft:bow":1,"minecraft:lever":2,"minecraft:iron_block":1,"minecraft:bone_meal":2,"minecraft:netherite_axe":26,"minecraft:azalea_leaves":2,"minecraft:oak_sapling":1,"minecraft:chest":1,"minecraft:ender_pearl":1},"minecraft:mined":{"minecraft:lever":1}},"DataVersion":2975}