{"stats":{"minecraft:dropped":{"minecraft:glow_ink_sac":1,"minecraft:netherite_axe":2},"minecraft:used":{"minecraft:lever":39,"minecraft:water_bucket":3,"minecraft:command_block":13,"minecraft:quartz_slab":33,"minecraft:iron_block":176,"minecraft:grass_block":7,"minecraft:oak_planks":2,"minecraft:redstone":32,"minecraft:netherite_axe":8,"minecraft:oak_sign":11,"minecraft:glow_ink_sac":5,"minecraft:bedrock":1,"minecraft:bow":3},"minecraft:custom":{"minecraft:time_since_rest":7398,"minecraft:sprint_one_cm":13552,"minecraft:damage_taken":60,"minecraft:walk_one_cm":110958,"minecraft:mob_kills":1,"minecraft:drop":3,"minecraft:damage_dealt":400,"minecraft:fly_one_cm":95572,"minecraft:open_chest":3,"minecraft:crouch_one_cm":3569,"minecraft:play_time":68977,"minecraft:deaths":3,"minecraft:sneak_time":2187,"minecraft:jump":212,"minecraft:leave_game":4,"minecraft:walk_on_water_one_cm":3007,"minecraft:time_since_death":7383,"minecraft:total_world_time":68977,"minecraft:fall_one_cm":858},"minecraft:killed":{"minecraft:enderman":1},"minecraft:picked_up":{"minecraft:glow_ink_sac":2,"minecraft:water_bucket":2,"minecraft:dandelion":2,"minecraft:netherite_shovel":1,"minecraft:bedrock":1,"minecraft:redstone":3,"minecraft:netherite_pickaxe":1,"minecraft:dirt":1,"minecraft:quartz_slab":1,"minecraft:command_block":1,"minecraft:oak_sign":1,"minecraft:bow":1,"minecraft:lever":1,"minecraft:iron_block":1,"minecraft:netherite_axe":26,"minecraft:ender_pearl":1},"minecraft:mined":{"minecraft:lever":1}},"DataVersion":2975}