{"stats":{"minecraft:dropped":{"minecraft:dirt":2,"minecraft:bricks":6,"minecraft:gunpowder":7,"minecraft:netherite_sword":2,"minecraft:rotten_flesh":3,"minecraft:green_carpet":1,"minecraft:spider_eye":1,"minecraft:birch_sign":8,"minecraft:arrow":2,"minecraft:command_block":3,"minecraft:string":7,"minecraft:bone":4},"minecraft:picked_up":{"minecraft:torch":2,"minecraft:gunpowder":7,"minecraft:dirt":2,"minecraft:green_carpet":4,"minecraft:spider_eye":2,"minecraft:string":9,"minecraft:arrow":2,"minecraft:bone":4,"minecraft:command_block":3,"minecraft:rotten_flesh":4,"minecraft:netherite_sword":3,"minecraft:birch_sign":17,"minecraft:bricks":6},"minecraft:used":{"minecraft:netherite_sword":37,"minecraft:water_bucket":2,"minecraft:bricks":104,"minecraft:command_block":8,"minecraft:brick_stairs":5,"minecraft:crimson_slab":9,"minecraft:dirt":13,"minecraft:birch_sign":10,"minecraft:bucket":3},"minecraft:custom":{"minecraft:time_since_rest":49050,"minecraft:sprint_one_cm":53231,"minecraft:damage_taken":50,"minecraft:walk_one_cm":170706,"minecraft:mob_kills":8,"minecraft:drop":46,"minecraft:damage_dealt":1877,"minecraft:swim_one_cm":800,"minecraft:fly_one_cm":168444,"minecraft:player_kills":1,"minecraft:open_chest":2,"minecraft:play_time":64077,"minecraft:crouch_one_cm":4188,"minecraft:deaths":2,"minecraft:sneak_time":1177,"minecraft:walk_under_water_one_cm":2167,"minecraft:jump":310,"minecraft:leave_game":1,"minecraft:walk_on_water_one_cm":4561,"minecraft:time_since_death":49017,"minecraft:total_world_time":64077,"minecraft:fall_one_cm":238},"minecraft:killed":{"minecraft:skeleton":1,"minecraft:zombie":4,"minecraft:spider":1,"minecraft:creeper":1}},"DataVersion":2975}