{"stats":{"minecraft:dropped":{"minecraft:netherite_axe":32},"minecraft:used":{"minecraft:moss_block":11,"minecraft:bedrock":14,"minecraft:lever":1,"minecraft:dirt":1,"minecraft:potion":2,"minecraft:quartz_slab":3,"minecraft:grass_block":7,"minecraft:iron_block":1,"minecraft:redstone":6,"minecraft:zombie_spawn_egg":1,"minecraft:coarse_dirt":9,"minecraft:redstone_block":79,"minecraft:glow_ink_sac":1,"minecraft:obsidian":466},"minecraft:custom":{"minecraft:time_since_rest":56554,"minecraft:crouch_one_cm":3276,"minecraft:sprint_one_cm":37569,"minecraft:play_time":83364,"minecraft:deaths":9,"minecraft:damage_taken":2020,"minecraft:walk_one_cm":75344,"minecraft:sneak_time":4408,"minecraft:walk_under_water_one_cm":6432,"minecraft:mob_kills":1,"minecraft:drop":32,"minecraft:jump":424,"minecraft:damage_dealt":193,"minecraft:leave_game":1,"minecraft:walk_on_water_one_cm":2895,"minecraft:time_since_death":56547,"minecraft:total_world_time":83364,"minecraft:fall_one_cm":24484,"minecraft:fly_one_cm":569254},"minecraft:picked_up":{"minecraft:netherite_axe":2,"minecraft:redstone":3},"minecraft:killed":{"minecraft:zombie":1},"minecraft:mined":{"minecraft:redstone_wire":4}},"DataVersion":2975}