{"stats":{"minecraft:dropped":{"minecraft:netherite_axe":32},"minecraft:used":{"minecraft:moss_block":11,"minecraft:bedrock":14,"minecraft:lever":1,"minecraft:black_concrete":9,"minecraft:amethyst_block":40,"minecraft:dirt":1,"minecraft:potion":2,"minecraft:quartz_slab":3,"minecraft:grass_block":7,"minecraft:iron_block":1,"minecraft:redstone":6,"minecraft:lapis_block":70,"minecraft:zombie_spawn_egg":1,"minecraft:coarse_dirt":9,"minecraft:redstone_block":108,"minecraft:glow_ink_sac":1,"minecraft:obsidian":468},"minecraft:custom":{"minecraft:time_since_rest":68554,"minecraft:crouch_one_cm":3585,"minecraft:sprint_one_cm":37698,"minecraft:play_time":95364,"minecraft:deaths":9,"minecraft:damage_taken":2020,"minecraft:walk_one_cm":82261,"minecraft:sneak_time":5215,"minecraft:walk_under_water_one_cm":6432,"minecraft:mob_kills":1,"minecraft:drop":32,"minecraft:jump":431,"minecraft:damage_dealt":193,"minecraft:leave_game":1,"minecraft:walk_on_water_one_cm":2895,"minecraft:time_since_death":68547,"minecraft:total_world_time":95364,"minecraft:fall_one_cm":24484,"minecraft:fly_one_cm":669082},"minecraft:picked_up":{"minecraft:netherite_axe":2,"minecraft:redstone":3},"minecraft:killed":{"minecraft:zombie":1},"minecraft:mined":{"minecraft:redstone_wire":4}},"DataVersion":2975}