{"stats":{"minecraft:used":{"minecraft:moss_block":3,"minecraft:dirt":1,"minecraft:coarse_dirt":6,"minecraft:potion":1,"minecraft:grass_block":3},"minecraft:custom":{"minecraft:jump":53,"minecraft:time_since_rest":1997,"minecraft:crouch_one_cm":538,"minecraft:sprint_one_cm":3161,"minecraft:deaths":7,"minecraft:play_time":10733,"minecraft:damage_taken":1390,"minecraft:time_since_death":1991,"minecraft:walk_one_cm":3776,"minecraft:sneak_time":537,"minecraft:total_world_time":10733,"minecraft:fall_one_cm":16214,"minecraft:fly_one_cm":107889}},"DataVersion":2975}