{"stats":{"minecraft:dropped":{"minecraft:netherite_axe":32},"minecraft:used":{"minecraft:firework_rocket":63,"minecraft:black_terracotta":173,"minecraft:moss_block":12,"minecraft:bedrock":14,"minecraft:lever":1,"minecraft:glowstone":40,"minecraft:black_concrete":141,"minecraft:amethyst_block":40,"minecraft:dirt":1,"minecraft:potion":2,"minecraft:light_blue_concrete":18,"minecraft:quartz_slab":3,"minecraft:grass_block":7,"minecraft:iron_block":1,"minecraft:redstone":6,"minecraft:lapis_block":70,"minecraft:red_terracotta":71,"minecraft:zombie_spawn_egg":1,"minecraft:coarse_dirt":9,"minecraft:redstone_block":108,"minecraft:glow_ink_sac":1,"minecraft:obsidian":587},"minecraft:custom":{"minecraft:time_since_rest":104554,"minecraft:crouch_one_cm":4430,"minecraft:sprint_one_cm":45068,"minecraft:play_time":131364,"minecraft:deaths":9,"minecraft:damage_taken":2020,"minecraft:walk_one_cm":108192,"minecraft:sneak_time":7523,"minecraft:walk_under_water_one_cm":6432,"minecraft:mob_kills":1,"minecraft:drop":32,"minecraft:jump":534,"minecraft:damage_dealt":193,"minecraft:leave_game":1,"minecraft:walk_on_water_one_cm":2895,"minecraft:time_since_death":104547,"minecraft:total_world_time":131364,"minecraft:fall_one_cm":24484,"minecraft:fly_one_cm":955668},"minecraft:killed":{"minecraft:zombie":1},"minecraft:picked_up":{"minecraft:firework_rocket":5,"minecraft:netherite_axe":2,"minecraft:redstone":3},"minecraft:mined":{"minecraft:redstone_wire":4}},"DataVersion":2975}