{"stats":{"minecraft:dropped":{"minecraft:netherite_axe":32,"minecraft:grass_block":1},"minecraft:used":{"minecraft:oak_log":3,"minecraft:moss_block":14,"minecraft:black_terracotta":173,"minecraft:lever":1,"minecraft:black_concrete":141,"minecraft:amethyst_block":40,"minecraft:firework_rocket":63,"minecraft:quartz_slab":3,"minecraft:iron_block":1,"minecraft:grass_block":10,"minecraft:redstone":6,"minecraft:netherite_hoe":7,"minecraft:red_terracotta":71,"minecraft:zombie_spawn_egg":1,"minecraft:redstone_block":108,"minecraft:glow_ink_sac":1,"minecraft:bedrock":14,"minecraft:glowstone":40,"minecraft:dirt":2,"minecraft:potion":2,"minecraft:light_blue_concrete":18,"minecraft:oak_sapling":6,"minecraft:lapis_block":70,"minecraft:coarse_dirt":9,"minecraft:bone_meal":32,"minecraft:obsidian":587},"minecraft:custom":{"minecraft:time_since_rest":116554,"minecraft:sprint_one_cm":50031,"minecraft:damage_taken":2020,"minecraft:walk_one_cm":131728,"minecraft:mob_kills":1,"minecraft:drop":33,"minecraft:damage_dealt":193,"minecraft:fly_one_cm":1015574,"minecraft:crouch_one_cm":5516,"minecraft:play_time":143364,"minecraft:deaths":9,"minecraft:sneak_time":7990,"minecraft:walk_under_water_one_cm":6432,"minecraft:jump":594,"minecraft:leave_game":1,"minecraft:time_since_death":116547,"minecraft:walk_on_water_one_cm":2895,"minecraft:total_world_time":143364,"minecraft:fall_one_cm":24484},"minecraft:picked_up":{"minecraft:redstone":3,"minecraft:firework_rocket":6,"minecraft:netherite_axe":2},"minecraft:killed":{"minecraft:zombie":1},"minecraft:mined":{"minecraft:redstone_wire":4}},"DataVersion":2975}