{"stats":{"minecraft:dropped":{"minecraft:moss_block":1,"minecraft:netherite_axe":32,"minecraft:ladder":1,"minecraft:campfire":1,"minecraft:oak_leaves":1,"minecraft:grass_block":2},"minecraft:used":{"minecraft:oak_trapdoor":11,"minecraft:oak_fence":14,"minecraft:oak_log":5,"minecraft:moss_block":19,"minecraft:black_terracotta":173,"minecraft:lever":1,"minecraft:black_concrete":141,"minecraft:amethyst_block":40,"minecraft:firework_rocket":63,"minecraft:quartz_slab":3,"minecraft:iron_block":1,"minecraft:grass_block":12,"minecraft:redstone":6,"minecraft:oak_planks":15,"minecraft:oak_sign":2,"minecraft:chest":4,"minecraft:netherite_hoe":7,"minecraft:red_terracotta":71,"minecraft:zombie_spawn_egg":1,"minecraft:redstone_block":108,"minecraft:glow_ink_sac":3,"minecraft:oak_leaves":16,"minecraft:bedrock":14,"minecraft:diamond_block":2,"minecraft:glowstone":41,"minecraft:red_stained_glass_pane":2,"minecraft:dirt":2,"minecraft:potion":2,"minecraft:azalea_leaves":43,"minecraft:light_blue_concrete":18,"minecraft:crafting_table":2,"minecraft:red_bed":2,"minecraft:furnace":4,"minecraft:oak_sapling":6,"minecraft:lapis_block":70,"minecraft:campfire":12,"minecraft:glass_pane":7,"minecraft:painting":10,"minecraft:black_bed":3,"minecraft:coarse_dirt":9,"minecraft:bone_meal":32,"minecraft:obsidian":587},"minecraft:custom":{"minecraft:time_since_rest":140554,"minecraft:interact_with_furnace":1,"minecraft:sprint_one_cm":52094,"minecraft:damage_taken":2020,"minecraft:walk_one_cm":164446,"minecraft:mob_kills":1,"minecraft:drop":38,"minecraft:damage_dealt":193,"minecraft:swim_one_cm":341,"minecraft:fly_one_cm":1108583,"minecraft:crouch_one_cm":7596,"minecraft:play_time":167364,"minecraft:deaths":9,"minecraft:sneak_time":9084,"minecraft:walk_under_water_one_cm":8139,"minecraft:jump":630,"minecraft:leave_game":1,"minecraft:time_since_death":140547,"minecraft:walk_on_water_one_cm":6576,"minecraft:total_world_time":167364,"minecraft:fall_one_cm":24484},"minecraft:killed":{"minecraft:zombie":1},"minecraft:picked_up":{"minecraft:ladder":1,"minecraft:redstone":3,"minecraft:firework_rocket":6,"minecraft:campfire":1,"minecraft:netherite_axe":2,"minecraft:moss_block":1,"minecraft:oak_leaves":1},"minecraft:mined":{"minecraft:redstone_wire":4}},"DataVersion":2975}