{"stats":{"minecraft:killed_by":{"minecraft:player":1},"minecraft:picked_up":{"minecraft:command_block":2,"minecraft:netherite_sword":3},"minecraft:used":{"minecraft:netherite_sword":5,"minecraft:command_block":1,"minecraft:grass_block":4},"minecraft:custom":{"minecraft:jump":76,"minecraft:time_since_rest":9250,"minecraft:damage_dealt":223,"minecraft:walk_on_water_one_cm":10,"minecraft:crouch_one_cm":725,"minecraft:deaths":3,"minecraft:sprint_one_cm":20291,"minecraft:play_time":20047,"minecraft:damage_taken":393,"minecraft:time_since_death":9202,"minecraft:walk_one_cm":20822,"minecraft:sneak_time":367,"minecraft:total_world_time":20047,"minecraft:player_kills":1,"minecraft:fly_one_cm":49921}},"DataVersion":2975}