{"stats":{"minecraft:used":{"minecraft:moss_block":4,"minecraft:bedrock":14,"minecraft:dirt":1,"minecraft:potion":2,"minecraft:quartz_slab":3,"minecraft:iron_block":1,"minecraft:grass_block":7,"minecraft:coarse_dirt":9,"minecraft:zombie_spawn_egg":1,"minecraft:glow_ink_sac":1},"minecraft:custom":{"minecraft:time_since_rest":17029,"minecraft:crouch_one_cm":2714,"minecraft:play_time":43839,"minecraft:sprint_one_cm":28075,"minecraft:walk_one_cm":44007,"minecraft:damage_taken":2020,"minecraft:deaths":9,"minecraft:sneak_time":2269,"minecraft:walk_under_water_one_cm":6432,"minecraft:mob_kills":1,"minecraft:jump":214,"minecraft:damage_dealt":193,"minecraft:leave_game":1,"minecraft:time_since_death":17022,"minecraft:walk_on_water_one_cm":2895,"minecraft:total_world_time":43839,"minecraft:fall_one_cm":24275,"minecraft:fly_one_cm":322628},"minecraft:killed":{"minecraft:zombie":1}},"DataVersion":2975}