{"stats":{"minecraft:used":{"minecraft:oak_fence":14,"minecraft:moss_block":22,"minecraft:oak_trapdoor":11,"minecraft:water_bucket":9,"minecraft:amethyst_block":40,"minecraft:redstone":6,"minecraft:oak_planks":15,"minecraft:oak_sign":2,"minecraft:chest":4,"minecraft:iron_sword":1,"minecraft:zombie_spawn_egg":1,"minecraft:redstone_block":108,"minecraft:glow_ink_sac":3,"minecraft:iron_chestplate":1,"minecraft:oak_leaves":16,"minecraft:diamond_block":2,"minecraft:dirt":2,"minecraft:light_blue_concrete":18,"minecraft:tnt":16,"minecraft:crafting_table":2,"minecraft:red_bed":2,"minecraft:campfire":20,"minecraft:painting":10,"minecraft:black_bed":3,"minecraft:spruce_fence":1,"minecraft:spruce_log":13,"minecraft:obsidian":589,"minecraft:oak_log":5,"minecraft:black_terracotta":173,"minecraft:lever":1,"minecraft:black_concrete":141,"minecraft:firework_rocket":63,"minecraft:quartz_slab":3,"minecraft:iron_block":1,"minecraft:grass_block":13,"minecraft:netherite_hoe":7,"minecraft:iron_helmet":1,"minecraft:red_terracotta":71,"minecraft:polished_granite":1,"minecraft:iron_boots":2,"minecraft:item_frame":1,"minecraft:bedrock":14,"minecraft:glowstone":41,"minecraft:red_stained_glass_pane":2,"minecraft:golden_carrot":1,"minecraft:potion":2,"minecraft:azalea_leaves":43,"minecraft:furnace":4,"minecraft:oak_sapling":6,"minecraft:bucket":7,"minecraft:lapis_block":70,"minecraft:glass_pane":7,"minecraft:coarse_dirt":9,"minecraft:enchanted_golden_apple":1,"minecraft:bone_meal":32,"minecraft:iron_leggings":2},"minecraft:picked_up":{"minecraft:iron_chestplate":1,"minecraft:ladder":1,"minecraft:golden_carrot":192,"minecraft:water_bucket":5,"minecraft:black_bed":1,"minecraft:shield":1,"minecraft:moss_carpet":8,"minecraft:iron_leggings":3,"minecraft:wheat_seeds":1,"minecraft:bucket":1,"minecraft:netherite_axe":2,"minecraft:moss_block":5,"minecraft:chest":1,"minecraft:iron_sword":1,"minecraft:iron_boots":2,"minecraft:spruce_log":1,"minecraft:redstone":3,"minecraft:firework_rocket":6,"minecraft:campfire":1,"minecraft:iron_helmet":1,"minecraft:bone_meal":1,"minecraft:oak_leaves":1},"minecraft:killed":{"minecraft:zombie":1},"minecraft:custom":{"minecraft:interact_with_furnace":1,"minecraft:mob_kills":1,"minecraft:open_barrel":5,"minecraft:leave_game":6,"minecraft:time_since_death":11503,"minecraft:damage_resisted":64,"minecraft:time_since_rest":11509,"minecraft:walk_one_cm":267078,"minecraft:sprint_one_cm":92499,"minecraft:damage_taken":3186,"minecraft:damage_absorbed":160,"minecraft:drop":96,"minecraft:damage_dealt":213,"minecraft:swim_one_cm":6912,"minecraft:fly_one_cm":1650991,"minecraft:open_chest":3,"minecraft:crouch_one_cm":10266,"minecraft:play_time":256232,"minecraft:deaths":20,"minecraft:sneak_time":12371,"minecraft:walk_under_water_one_cm":26160,"minecraft:jump":1033,"minecraft:walk_on_water_one_cm":11693,"minecraft:total_world_time":256232,"minecraft:interact_with_smoker":2,"minecraft:fall_one_cm":42934},"minecraft:mined":{"minecraft:redstone_wire":4,"minecraft:moss_block":3},"minecraft:dropped":{"minecraft:water_bucket":4,"minecraft:iron_sword":1,"minecraft:moss_block":1,"minecraft:cooked_chicken":64,"minecraft:netherite_axe":32,"minecraft:iron_boots":1,"minecraft:grass_block":2,"minecraft:item_frame":1,"minecraft:shield":1,"minecraft:golden_carrot":47,"minecraft:ladder":1,"minecraft:iron_leggings":1,"minecraft:campfire":1,"minecraft:oak_leaves":1}},"DataVersion":2975}