{"stats":{"minecraft:dropped":{"minecraft:netherite_axe":32},"minecraft:used":{"minecraft:black_terracotta":172,"minecraft:moss_block":11,"minecraft:bedrock":14,"minecraft:lever":1,"minecraft:glowstone":40,"minecraft:black_concrete":95,"minecraft:amethyst_block":40,"minecraft:dirt":1,"minecraft:potion":2,"minecraft:quartz_slab":3,"minecraft:grass_block":7,"minecraft:iron_block":1,"minecraft:redstone":6,"minecraft:lapis_block":70,"minecraft:zombie_spawn_egg":1,"minecraft:coarse_dirt":9,"minecraft:redstone_block":108,"minecraft:glow_ink_sac":1,"minecraft:obsidian":587},"minecraft:custom":{"minecraft:time_since_rest":92554,"minecraft:crouch_one_cm":3875,"minecraft:sprint_one_cm":37810,"minecraft:play_time":119364,"minecraft:deaths":9,"minecraft:damage_taken":2020,"minecraft:walk_one_cm":85400,"minecraft:sneak_time":6786,"minecraft:walk_under_water_one_cm":6432,"minecraft:mob_kills":1,"minecraft:drop":32,"minecraft:jump":439,"minecraft:damage_dealt":193,"minecraft:leave_game":1,"minecraft:walk_on_water_one_cm":2895,"minecraft:time_since_death":92547,"minecraft:total_world_time":119364,"minecraft:fall_one_cm":24484,"minecraft:fly_one_cm":841918},"minecraft:picked_up":{"minecraft:netherite_axe":2,"minecraft:redstone":3},"minecraft:killed":{"minecraft:zombie":1},"minecraft:mined":{"minecraft:redstone_wire":4}},"DataVersion":2975}