{"stats":{"minecraft:used":{"minecraft:moss_block":4,"minecraft:bedrock":14,"minecraft:dirt":1,"minecraft:potion":2,"minecraft:grass_block":6,"minecraft:coarse_dirt":9,"minecraft:zombie_spawn_egg":1},"minecraft:custom":{"minecraft:time_since_rest":285,"minecraft:crouch_one_cm":724,"minecraft:play_time":22733,"minecraft:sprint_one_cm":14695,"minecraft:walk_one_cm":19792,"minecraft:damage_taken":1650,"minecraft:deaths":8,"minecraft:sneak_time":935,"minecraft:walk_under_water_one_cm":6432,"minecraft:mob_kills":1,"minecraft:jump":134,"minecraft:damage_dealt":193,"minecraft:time_since_death":278,"minecraft:walk_on_water_one_cm":2895,"minecraft:total_world_time":22733,"minecraft:fall_one_cm":19274,"minecraft:fly_one_cm":186963},"minecraft:killed":{"minecraft:zombie":1}},"DataVersion":2975}