{"stats":{"minecraft:dropped":{"minecraft:moss_block":1,"minecraft:netherite_axe":32,"minecraft:oak_leaves":1,"minecraft:grass_block":1},"minecraft:used":{"minecraft:oak_log":4,"minecraft:moss_block":15,"minecraft:black_terracotta":173,"minecraft:lever":1,"minecraft:black_concrete":141,"minecraft:amethyst_block":40,"minecraft:firework_rocket":63,"minecraft:quartz_slab":3,"minecraft:iron_block":1,"minecraft:grass_block":10,"minecraft:redstone":6,"minecraft:chest":4,"minecraft:netherite_hoe":7,"minecraft:red_terracotta":71,"minecraft:zombie_spawn_egg":1,"minecraft:redstone_block":108,"minecraft:glow_ink_sac":1,"minecraft:oak_leaves":16,"minecraft:bedrock":14,"minecraft:diamond_block":2,"minecraft:glowstone":41,"minecraft:dirt":2,"minecraft:potion":2,"minecraft:azalea_leaves":43,"minecraft:light_blue_concrete":18,"minecraft:crafting_table":2,"minecraft:red_bed":2,"minecraft:furnace":4,"minecraft:oak_sapling":6,"minecraft:lapis_block":70,"minecraft:painting":10,"minecraft:black_bed":2,"minecraft:coarse_dirt":9,"minecraft:bone_meal":32,"minecraft:obsidian":587},"minecraft:custom":{"minecraft:time_since_rest":128554,"minecraft:interact_with_furnace":1,"minecraft:sprint_one_cm":50855,"minecraft:damage_taken":2020,"minecraft:walk_one_cm":148666,"minecraft:mob_kills":1,"minecraft:drop":35,"minecraft:damage_dealt":193,"minecraft:swim_one_cm":341,"minecraft:fly_one_cm":1038451,"minecraft:crouch_one_cm":7314,"minecraft:play_time":155364,"minecraft:deaths":9,"minecraft:sneak_time":8601,"minecraft:walk_under_water_one_cm":7583,"minecraft:jump":611,"minecraft:leave_game":1,"minecraft:time_since_death":128547,"minecraft:walk_on_water_one_cm":6355,"minecraft:total_world_time":155364,"minecraft:fall_one_cm":24484},"minecraft:picked_up":{"minecraft:redstone":3,"minecraft:firework_rocket":6,"minecraft:netherite_axe":2,"minecraft:moss_block":1,"minecraft:oak_leaves":1},"minecraft:killed":{"minecraft:zombie":1},"minecraft:mined":{"minecraft:redstone_wire":4}},"DataVersion":2975}