{"stats":{"minecraft:dropped":{"minecraft:netherite_axe":32},"minecraft:used":{"minecraft:moss_block":11,"minecraft:bedrock":14,"minecraft:lever":1,"minecraft:dirt":1,"minecraft:potion":2,"minecraft:quartz_slab":3,"minecraft:grass_block":7,"minecraft:iron_block":1,"minecraft:redstone":6,"minecraft:zombie_spawn_egg":1,"minecraft:coarse_dirt":9,"minecraft:redstone_block":2,"minecraft:glow_ink_sac":1,"minecraft:obsidian":133},"minecraft:custom":{"minecraft:time_since_rest":38554,"minecraft:crouch_one_cm":3194,"minecraft:sprint_one_cm":37569,"minecraft:play_time":65364,"minecraft:deaths":9,"minecraft:damage_taken":2020,"minecraft:walk_one_cm":74715,"minecraft:sneak_time":3106,"minecraft:walk_under_water_one_cm":6432,"minecraft:mob_kills":1,"minecraft:drop":32,"minecraft:jump":419,"minecraft:damage_dealt":193,"minecraft:leave_game":1,"minecraft:walk_on_water_one_cm":2895,"minecraft:time_since_death":38547,"minecraft:total_world_time":65364,"minecraft:fall_one_cm":24484,"minecraft:fly_one_cm":451017},"minecraft:picked_up":{"minecraft:netherite_axe":2,"minecraft:redstone":3},"minecraft:killed":{"minecraft:zombie":1},"minecraft:mined":{"minecraft:redstone_wire":4}},"DataVersion":2975}