{"stats":{"minecraft:dropped":{"minecraft:netherite_axe":23},"minecraft:used":{"minecraft:netherite_axe":1},"minecraft:custom":{"minecraft:jump":310,"minecraft:time_since_rest":778,"minecraft:leave_game":1,"minecraft:deaths":1,"minecraft:damage_dealt":129,"minecraft:sprint_one_cm":27397,"minecraft:play_time":10844,"minecraft:damage_taken":110,"minecraft:time_since_death":770,"minecraft:walk_one_cm":26379,"minecraft:sneak_time":2,"minecraft:total_world_time":10844,"minecraft:fall_one_cm":5073,"minecraft:drop":23,"minecraft:fly_one_cm":161388},"minecraft:picked_up":{"minecraft:netherite_axe":44,"minecraft:cactus":2}},"DataVersion":2975}