{"stats":{"minecraft:dropped":{"minecraft:grass_block":1},"minecraft:custom":{"minecraft:jump":208,"minecraft:time_since_rest":25828,"minecraft:damage_dealt":3304,"minecraft:crouch_one_cm":888,"minecraft:sprint_one_cm":25886,"minecraft:play_time":25828,"minecraft:time_since_death":25828,"minecraft:walk_one_cm":46675,"minecraft:sneak_time":460,"minecraft:total_world_time":25828,"minecraft:walk_under_water_one_cm":1695,"minecraft:drop":1,"minecraft:fall_one_cm":209,"minecraft:fly_one_cm":172398,"minecraft:player_kills":17},"minecraft:used":{"minecraft:green_wool":12,"minecraft:netherite_sword":46,"minecraft:lava_bucket":115,"minecraft:tnt":76}},"DataVersion":2975}