{"stats":{"minecraft:dropped":{"minecraft:diamond":109,"minecraft:green_wool":1},"minecraft:picked_up":{"minecraft:arrow":13,"minecraft:bone":11,"minecraft:rotten_flesh":17,"minecraft:diamond":53,"minecraft:torch":2,"minecraft:netherite_sword":2,"minecraft:birch_sign":1,"minecraft:green_wool":3,"minecraft:grass_block":1,"minecraft:gunpowder":10,"minecraft:green_carpet":4,"minecraft:dirt":1,"minecraft:string":7},"minecraft:used":{"minecraft:oak_fence":5,"minecraft:oak_leaves":31,"minecraft:water_bucket":4,"minecraft:bricks":47,"minecraft:green_carpet":150,"minecraft:torch":351,"minecraft:diamond_block":2,"minecraft:dirt":1,"minecraft:lantern":5,"minecraft:iron_block":12,"minecraft:grass_block":5,"minecraft:brick_stairs":7,"minecraft:birch_sign":1,"minecraft:green_wool":5,"minecraft:oak_wood":51,"minecraft:coarse_dirt":5},"minecraft:custom":{"minecraft:time_since_rest":49050,"minecraft:crouch_one_cm":2486,"minecraft:play_time":57622,"minecraft:sprint_one_cm":41737,"minecraft:walk_one_cm":158753,"minecraft:damage_taken":25,"minecraft:deaths":2,"minecraft:sneak_time":1516,"minecraft:walk_under_water_one_cm":1352,"minecraft:drop":87,"minecraft:jump":413,"minecraft:damage_dealt":70,"minecraft:time_since_death":48990,"minecraft:walk_on_water_one_cm":2333,"minecraft:climb_one_cm":24,"minecraft:total_world_time":57622,"minecraft:fly_one_cm":338049}},"DataVersion":2975}