{"stats":{"minecraft:dropped":{"minecraft:bedrock":1,"minecraft:grass_block":3,"minecraft:netherite_sword":1},"minecraft:used":{"minecraft:netherite_sword":1,"minecraft:moss_block":1,"minecraft:oak_log":9,"minecraft:petrified_oak_slab":5,"minecraft:bedrock":31,"minecraft:dirt":4,"minecraft:bow":3,"minecraft:grass_block":2,"minecraft:coarse_dirt":5},"minecraft:custom":{"minecraft:time_since_rest":2532,"minecraft:crouch_one_cm":902,"minecraft:play_time":17440,"minecraft:sprint_one_cm":20485,"minecraft:damage_taken":250,"minecraft:walk_one_cm":24274,"minecraft:deaths":2,"minecraft:sneak_time":348,"minecraft:mob_kills":1,"minecraft:drop":5,"minecraft:jump":184,"minecraft:damage_dealt":200,"minecraft:leave_game":1,"minecraft:time_since_death":2525,"minecraft:total_world_time":17440,"minecraft:climb_one_cm":302,"minecraft:fall_one_cm":1285,"minecraft:fly_one_cm":91915},"minecraft:killed":{"minecraft:creeper":1},"minecraft:picked_up":{"minecraft:coarse_dirt":2,"minecraft:water_bucket":1,"minecraft:bedrock":1,"minecraft:netherite_shovel":2,"minecraft:grass_block":3,"minecraft:gunpowder":6,"minecraft:moss_block":2,"minecraft:netherite_pickaxe":2,"minecraft:dirt":4},"minecraft:mined":{"minecraft:grass_block":5,"minecraft:coarse_dirt":2,"minecraft:moss_block":2}},"DataVersion":2975}