{"stats":{"minecraft:dropped":{"minecraft:bedrock":1,"minecraft:grass_block":3,"minecraft:netherite_sword":1},"minecraft:used":{"minecraft:moss_block":1,"minecraft:oak_log":9,"minecraft:bedrock":31,"minecraft:petrified_oak_slab":5,"minecraft:netherite_sword":1,"minecraft:dirt":4,"minecraft:grass_block":2,"minecraft:coarse_dirt":4},"minecraft:custom":{"minecraft:deaths":1,"minecraft:time_since_rest":3491,"minecraft:crouch_one_cm":902,"minecraft:play_time":13536,"minecraft:sprint_one_cm":14851,"minecraft:damage_taken":250,"minecraft:walk_one_cm":18339,"minecraft:sneak_time":335,"minecraft:mob_kills":1,"minecraft:drop":5,"minecraft:jump":146,"minecraft:damage_dealt":200,"minecraft:leave_game":1,"minecraft:climb_one_cm":302,"minecraft:time_since_death":3484,"minecraft:total_world_time":13536,"minecraft:fall_one_cm":1285,"minecraft:fly_one_cm":75735},"minecraft:killed":{"minecraft:creeper":1},"minecraft:picked_up":{"minecraft:coarse_dirt":2,"minecraft:bedrock":1,"minecraft:netherite_shovel":1,"minecraft:grass_block":3,"minecraft:gunpowder":4,"minecraft:moss_block":2,"minecraft:netherite_pickaxe":1,"minecraft:dirt":4},"minecraft:mined":{"minecraft:grass_block":5,"minecraft:coarse_dirt":2,"minecraft:moss_block":2}},"DataVersion":2975}