{"stats":{"minecraft:dropped":{"minecraft:bedrock":1,"minecraft:grass_block":3,"minecraft:netherite_sword":1},"minecraft:used":{"minecraft:netherite_sword":1,"minecraft:moss_block":27,"minecraft:oak_log":9,"minecraft:petrified_oak_slab":5,"minecraft:bedrock":33,"minecraft:dirt":9,"minecraft:bow":4,"minecraft:quartz_slab":6,"minecraft:iron_block":12,"minecraft:grass_block":2,"minecraft:coarse_dirt":5},"minecraft:custom":{"minecraft:time_since_rest":2764,"minecraft:crouch_one_cm":902,"minecraft:play_time":29440,"minecraft:sprint_one_cm":36130,"minecraft:damage_taken":770,"minecraft:walk_one_cm":42394,"minecraft:deaths":6,"minecraft:sneak_time":348,"minecraft:mob_kills":1,"minecraft:drop":5,"minecraft:jump":332,"minecraft:damage_dealt":200,"minecraft:leave_game":1,"minecraft:time_since_death":2757,"minecraft:total_world_time":29440,"minecraft:climb_one_cm":484,"minecraft:fall_one_cm":5727,"minecraft:fly_one_cm":155919},"minecraft:killed":{"minecraft:creeper":1},"minecraft:picked_up":{"minecraft:coarse_dirt":4,"minecraft:water_bucket":2,"minecraft:bow":1,"minecraft:bedrock":2,"minecraft:netherite_shovel":3,"minecraft:grass_block":3,"minecraft:gunpowder":8,"minecraft:moss_block":3,"minecraft:netherite_pickaxe":3,"minecraft:dirt":4,"minecraft:arrow":64},"minecraft:mined":{"minecraft:grass_block":5,"minecraft:coarse_dirt":2,"minecraft:moss_block":2}},"DataVersion":2975}