{"stats":{"minecraft:dropped":{"minecraft:grass_block":1},"minecraft:custom":{"minecraft:jump":80,"minecraft:time_since_rest":13828,"minecraft:damage_dealt":26,"minecraft:crouch_one_cm":489,"minecraft:sprint_one_cm":17963,"minecraft:play_time":13828,"minecraft:time_since_death":13828,"minecraft:walk_one_cm":20891,"minecraft:sneak_time":229,"minecraft:total_world_time":13828,"minecraft:drop":1,"minecraft:fall_one_cm":209,"minecraft:fly_one_cm":26780},"minecraft:used":{"minecraft:green_wool":1}},"DataVersion":2975}