{"stats":{"minecraft:dropped":{"minecraft:grass_block":1},"minecraft:custom":{"minecraft:time_since_rest":37828,"minecraft:crouch_one_cm":1427,"minecraft:play_time":37828,"minecraft:sprint_one_cm":26136,"minecraft:walk_one_cm":49028,"minecraft:sneak_time":1522,"minecraft:walk_under_water_one_cm":6588,"minecraft:mob_kills":16,"minecraft:drop":1,"minecraft:jump":240,"minecraft:damage_dealt":3557,"minecraft:time_since_death":37828,"minecraft:walk_on_water_one_cm":1004,"minecraft:total_world_time":37828,"minecraft:fall_one_cm":209,"minecraft:fly_one_cm":345971,"minecraft:player_kills":21},"minecraft:used":{"minecraft:wooden_axe":1,"minecraft:water_bucket":1,"minecraft:netherite_sword":49,"minecraft:lava_bucket":141,"minecraft:flint_and_steel":31,"minecraft:tnt":256,"minecraft:green_wool":57},"minecraft:picked_up":{"minecraft:green_wool":1},"minecraft:killed":{"minecraft:skeleton":4,"minecraft:spider":1,"minecraft:zombie":7,"minecraft:creeper":2}},"DataVersion":2975}