{"stats":{"minecraft:dropped":{"minecraft:bedrock":1,"minecraft:grass_block":3},"minecraft:used":{"minecraft:oak_log":8,"minecraft:bedrock":30,"minecraft:petrified_oak_slab":4,"minecraft:netherite_sword":1,"minecraft:coarse_dirt":1,"minecraft:grass_block":1},"minecraft:custom":{"minecraft:jump":82,"minecraft:sneak_time":51,"minecraft:time_since_rest":4688,"minecraft:damage_dealt":200,"minecraft:sprint_one_cm":6086,"minecraft:play_time":4688,"minecraft:time_since_death":4688,"minecraft:walk_one_cm":9240,"minecraft:total_world_time":4688,"minecraft:mob_kills":1,"minecraft:drop":4,"minecraft:fly_one_cm":55788},"minecraft:killed":{"minecraft:creeper":1},"minecraft:picked_up":{"minecraft:bedrock":1,"minecraft:grass_block":3,"minecraft:gunpowder":2}},"DataVersion":2975}