{"stats":{"minecraft:dropped":{"minecraft:azalea_leaves":1,"minecraft:netherite_sword":1,"minecraft:bedrock":1,"minecraft:grass_block":3},"minecraft:used":{"minecraft:black_terracotta":55,"minecraft:oak_log":9,"minecraft:oak_fence":43,"minecraft:moss_block":70,"minecraft:netherite_sword":1,"minecraft:petrified_oak_slab":5,"minecraft:moss_carpet":196,"minecraft:water_bucket":1,"minecraft:lava_bucket":6,"minecraft:firework_rocket":4,"minecraft:flint_and_steel":1,"minecraft:red_concrete":8,"minecraft:quartz_slab":6,"minecraft:lantern":54,"minecraft:iron_block":13,"minecraft:grass_block":29,"minecraft:spruce_slab":3,"minecraft:netherite_axe":1,"minecraft:cactus":2,"minecraft:cyan_concrete":17,"minecraft:stone_slab":2,"minecraft:gravel":2,"minecraft:lime_terracotta":5,"minecraft:yellow_concrete_powder":2,"minecraft:bedrock":33,"minecraft:basalt":248,"minecraft:sand":3,"minecraft:dirt":15,"minecraft:potion":1,"minecraft:lime_concrete":7,"minecraft:bow":4,"minecraft:azalea_leaves":59,"minecraft:oak_slab":5,"minecraft:andesite":2,"minecraft:oak_wood":179,"minecraft:dripstone_block":48,"minecraft:coarse_dirt":16,"minecraft:spruce_fence":5,"minecraft:bone_meal":35,"minecraft:obsidian":18,"minecraft:dark_oak_sapling":37},"minecraft:custom":{"minecraft:time_since_rest":26400,"minecraft:sprint_one_cm":132743,"minecraft:damage_taken":770,"minecraft:walk_one_cm":340538,"minecraft:mob_kills":1,"minecraft:drop":6,"minecraft:damage_dealt":200,"minecraft:fly_one_cm":863028,"minecraft:crouch_one_cm":8633,"minecraft:play_time":153974,"minecraft:deaths":13,"minecraft:sneak_time":3087,"minecraft:jump":1221,"minecraft:leave_game":2,"minecraft:time_since_death":26393,"minecraft:climb_one_cm":774,"minecraft:total_world_time":153974,"minecraft:fall_one_cm":5727},"minecraft:killed":{"minecraft:creeper":1},"minecraft:picked_up":{"minecraft:black_terracotta":1,"minecraft:coarse_dirt":4,"minecraft:ladder":1,"minecraft:water_bucket":2,"minecraft:dripstone_block":64,"minecraft:potion":1,"minecraft:bedrock":2,"minecraft:netherite_shovel":3,"minecraft:grass_block":7,"minecraft:gunpowder":8,"minecraft:redstone":3,"minecraft:netherite_pickaxe":3,"minecraft:dirt":5,"minecraft:lantern":9,"minecraft:orange_bed":1,"minecraft:twisting_vines":9,"minecraft:zombie_spawn_egg":1,"minecraft:firework_rocket":1,"minecraft:cactus":1,"minecraft:arrow":64,"minecraft:command_block":1,"minecraft:bow":1,"minecraft:netherite_sword":1,"minecraft:netherite_axe":54,"minecraft:moss_block":3},"minecraft:mined":{"minecraft:coarse_dirt":2,"minecraft:grass_block":6,"minecraft:moss_block":2}},"DataVersion":2975}