{"stats":{"minecraft:dropped":{"minecraft:netherite_sword":1,"minecraft:bedrock":1,"minecraft:grass_block":3},"minecraft:used":{"minecraft:oak_log":9,"minecraft:oak_fence":40,"minecraft:moss_block":42,"minecraft:water_bucket":1,"minecraft:moss_carpet":196,"minecraft:petrified_oak_slab":5,"minecraft:netherite_sword":1,"minecraft:lava_bucket":6,"minecraft:flint_and_steel":1,"minecraft:quartz_slab":6,"minecraft:lantern":54,"minecraft:iron_block":13,"minecraft:grass_block":9,"minecraft:netherite_axe":1,"minecraft:cactus":2,"minecraft:bedrock":33,"minecraft:basalt":248,"minecraft:dirt":9,"minecraft:sand":3,"minecraft:potion":1,"minecraft:bow":4,"minecraft:azalea_leaves":6,"minecraft:andesite":2,"minecraft:oak_wood":125,"minecraft:coarse_dirt":16,"minecraft:obsidian":16},"minecraft:custom":{"minecraft:time_since_rest":50764,"minecraft:sprint_one_cm":87408,"minecraft:walk_one_cm":195148,"minecraft:damage_taken":770,"minecraft:mob_kills":1,"minecraft:drop":5,"minecraft:damage_dealt":200,"minecraft:fly_one_cm":373021,"minecraft:crouch_one_cm":3733,"minecraft:play_time":77440,"minecraft:deaths":6,"minecraft:sneak_time":1603,"minecraft:jump":718,"minecraft:leave_game":1,"minecraft:time_since_death":50757,"minecraft:climb_one_cm":484,"minecraft:total_world_time":77440,"minecraft:fall_one_cm":5727},"minecraft:killed":{"minecraft:creeper":1},"minecraft:picked_up":{"minecraft:coarse_dirt":4,"minecraft:water_bucket":2,"minecraft:potion":1,"minecraft:bedrock":2,"minecraft:netherite_shovel":3,"minecraft:grass_block":3,"minecraft:gunpowder":8,"minecraft:netherite_pickaxe":3,"minecraft:dirt":5,"minecraft:lantern":8,"minecraft:zombie_spawn_egg":1,"minecraft:cactus":1,"minecraft:arrow":64,"minecraft:command_block":1,"minecraft:bow":1,"minecraft:netherite_sword":1,"minecraft:netherite_axe":54,"minecraft:moss_block":3},"minecraft:mined":{"minecraft:coarse_dirt":2,"minecraft:grass_block":6,"minecraft:moss_block":2}},"DataVersion":2975}