{"stats":{"minecraft:mined":{"minecraft:grass_block":6,"minecraft:moss_block":2,"minecraft:coarse_dirt":2},"minecraft:dropped":{"minecraft:moss_block":2,"minecraft:netherite_sword":1,"minecraft:bedrock":1,"minecraft:grass_block":3,"minecraft:azalea_leaves":1},"minecraft:picked_up":{"minecraft:coarse_dirt":4,"minecraft:bee_nest":1,"minecraft:ladder":2,"minecraft:water_bucket":3,"minecraft:potion":1,"minecraft:bedrock":2,"minecraft:gunpowder":8,"minecraft:dirt":5,"minecraft:lantern":9,"minecraft:twisting_vines":11,"minecraft:oak_sign":1,"minecraft:bow":1,"minecraft:netherite_sword":1,"minecraft:oak_fence_gate":1,"minecraft:netherite_axe":54,"minecraft:moss_block":5,"minecraft:black_terracotta":1,"minecraft:dripstone_block":128,"minecraft:netherite_shovel":3,"minecraft:grass_block":7,"minecraft:redstone":5,"minecraft:netherite_pickaxe":3,"minecraft:mossy_cobblestone":1,"minecraft:orange_bed":1,"minecraft:zombie_spawn_egg":1,"minecraft:firework_rocket":16,"minecraft:cactus":1,"minecraft:arrow":64,"minecraft:command_block":1},"minecraft:used":{"minecraft:moss_block":73,"minecraft:oak_fence":43,"minecraft:petrified_oak_slab":5,"minecraft:water_bucket":1,"minecraft:moss_carpet":196,"minecraft:netherite_sword":1,"armaduras_d:dungeon_boots":1,"minecraft:flint_and_steel":1,"minecraft:red_concrete":8,"minecraft:spruce_slab":3,"minecraft:cactus":2,"minecraft:dirt":15,"minecraft:sand":3,"minecraft:lime_terracotta":5,"minecraft:oak_slab":5,"minecraft:oak_wood":179,"minecraft:dripstone_block":48,"minecraft:spruce_fence":5,"minecraft:obsidian":18,"minecraft:oak_log":9,"minecraft:black_terracotta":55,"minecraft:lava_bucket":6,"minecraft:firework_rocket":4,"minecraft:quartz_slab":6,"minecraft:iron_block":13,"minecraft:lantern":54,"minecraft:grass_block":29,"minecraft:netherite_axe":1,"minecraft:cyan_concrete":17,"minecraft:stone_slab":2,"minecraft:gravel":2,"minecraft:yellow_concrete_powder":2,"minecraft:bedrock":33,"beastdedsafio:eon_caparazon_chestplate":1,"minecraft:basalt":248,"minecraft:bow":4,"minecraft:lime_concrete":7,"minecraft:potion":1,"minecraft:azalea_leaves":72,"armaduras_d:dungeon_leggings":1,"minecraft:andesite":2,"minecraft:coarse_dirt":20,"minecraft:bone_meal":35,"minecraft:dark_oak_sapling":37},"minecraft:killed":{"minecraft:creeper":1},"minecraft:custom":{"minecraft:mob_kills":1,"minecraft:leave_game":3,"minecraft:time_since_death":7023,"minecraft:climb_one_cm":774,"minecraft:time_since_rest":7560,"minecraft:sprint_one_cm":156307,"minecraft:damage_taken":770,"minecraft:walk_one_cm":363536,"minecraft:drop":8,"minecraft:damage_dealt":200,"minecraft:fly_one_cm":959377,"minecraft:crouch_one_cm":9671,"minecraft:play_time":171666,"minecraft:deaths":16,"minecraft:sneak_time":3363,"minecraft:jump":1349,"minecraft:total_world_time":171666,"minecraft:fall_one_cm":5727}},"DataVersion":2975}