{"stats":{"minecraft:dropped":{"minecraft:water_bucket":1,"minecraft:grass_block":1,"minecraft:green_wool":1},"minecraft:custom":{"minecraft:time_since_rest":49828,"minecraft:crouch_one_cm":3343,"minecraft:play_time":49828,"minecraft:sprint_one_cm":28879,"minecraft:walk_one_cm":64403,"minecraft:sneak_time":3488,"minecraft:walk_under_water_one_cm":6588,"minecraft:mob_kills":16,"minecraft:drop":3,"minecraft:jump":297,"minecraft:damage_dealt":3567,"minecraft:time_since_death":49828,"minecraft:walk_on_water_one_cm":1279,"minecraft:total_world_time":49828,"minecraft:fall_one_cm":209,"minecraft:fly_one_cm":413058,"minecraft:player_kills":21},"minecraft:used":{"minecraft:wooden_axe":1,"minecraft:water_bucket":1,"minecraft:netherite_sword":49,"minecraft:lava_bucket":143,"minecraft:flint_and_steel":34,"minecraft:tnt":337,"minecraft:iron_block":3,"minecraft:oak_sign":2,"minecraft:green_wool":139,"minecraft:coarse_dirt":13},"minecraft:picked_up":{"minecraft:tnt":5,"minecraft:oak_sign":1,"minecraft:iron_block":5,"minecraft:green_wool":1},"minecraft:killed":{"minecraft:skeleton":4,"minecraft:spider":1,"minecraft:zombie":7,"minecraft:creeper":2}},"DataVersion":2975}