{"stats":{"minecraft:dropped":{"minecraft:wheat_seeds":40,"minecraft:wheat":15,"minecraft:golden_carrot":10,"minecraft:melon_seeds":8,"minecraft:dark_oak_planks":1},"minecraft:used":{"minecraft:wheat_seeds":16,"minecraft:water_bucket":4,"minecraft:stone_pickaxe":65,"minecraft:ender_pearl":1,"minecraft:wooden_pickaxe":3,"minecraft:cooked_chicken":3,"minecraft:torch":13,"minecraft:dirt":1,"minecraft:crafting_table":6,"minecraft:granite":2,"minecraft:wooden_hoe":62,"minecraft:iron_axe":47,"minecraft:iron_pickaxe":44,"minecraft:stone_axe":1,"minecraft:cobblestone":4,"minecraft:golden_carrot":6,"minecraft:furnace":3,"minecraft:bucket":5,"minecraft:iron_leggings":2},"minecraft:custom":{"minecraft:interact_with_furnace":25,"minecraft:mob_kills":1,"minecraft:interact_with_crafting_table":20,"minecraft:time_since_death":19098,"minecraft:time_since_rest":19105,"minecraft:sprint_one_cm":172395,"minecraft:damage_taken":650,"minecraft:walk_one_cm":139528,"minecraft:drop":53,"minecraft:damage_dealt":300,"minecraft:swim_one_cm":25815,"minecraft:talked_to_villager":3,"minecraft:fly_one_cm":385036,"minecraft:open_chest":2,"minecraft:crouch_one_cm":1435,"minecraft:play_time":51358,"minecraft:deaths":2,"minecraft:sneak_time":649,"minecraft:walk_under_water_one_cm":13507,"minecraft:jump":1263,"minecraft:walk_on_water_one_cm":12208,"minecraft:total_world_time":51358,"minecraft:fall_one_cm":64921},"minecraft:crafted":{"minecraft:crafting_table":1,"minecraft:wooden_pickaxe":1,"minecraft:iron_helmet":1,"minecraft:furnace":2,"minecraft:bucket":1,"minecraft:stone_axe":1,"minecraft:air":0,"minecraft:iron_boots":1,"minecraft:iron_chestplate":1,"minecraft:wooden_hoe":1,"minecraft:shield":1,"minecraft:iron_axe":1,"minecraft:stick":16,"minecraft:iron_ingot":33,"minecraft:iron_pickaxe":1,"minecraft:stone_pickaxe":1,"minecraft:iron_leggings":1,"minecraft:gold_ingot":5,"minecraft:acacia_planks":8,"minecraft:torch":12,"minecraft:dark_oak_planks":16},"minecraft:broken":{"minecraft:wooden_hoe":1},"minecraft:killed":{"minecraft:polar_bear":1},"minecraft:picked_up":{"minecraft:crafting_table":6,"minecraft:iron_chestplate":1,"minecraft:wheat":30,"minecraft:golden_carrot":29,"minecraft:water_bucket":2,"minecraft:oak_log":2,"minecraft:shield":1,"minecraft:dirt":1,"minecraft:iron_axe":1,"minecraft:iron_leggings":1,"minecraft:wheat_seeds":59,"minecraft:raw_gold":6,"minecraft:bucket":2,"minecraft:iron_ingot":3,"minecraft:stone_pickaxe":1,"minecraft:cooked_chicken":32,"minecraft:iron_pickaxe":1,"minecraft:iron_boots":1,"minecraft:furnace":5,"minecraft:stick":5,"minecraft:raw_iron":54,"minecraft:torch":5,"minecraft:acacia_log":9,"minecraft:spruce_log":23,"minecraft:dark_oak_log":4,"minecraft:dark_oak_planks":11,"minecraft:orange_bed":2,"minecraft:stone_axe":1,"minecraft:iron_helmet":1,"minecraft:hay_block":122,"minecraft:granite":2,"minecraft:gold_ingot":7,"minecraft:melon_seeds":12,"minecraft:coal":56,"minecraft:cobblestone":40,"minecraft:ender_pearl":1},"minecraft:mined":{"minecraft:acacia_leaves":2,"minecraft:dark_oak_log":4,"minecraft:dandelion":1,"minecraft:crafting_table":5,"minecraft:torch":5,"minecraft:granite":2,"minecraft:acacia_log":9,"minecraft:spruce_leaves":2,"minecraft:hay_block":62,"minecraft:furnace":3,"minecraft:iron_ore":39,"minecraft:wheat":18,"minecraft:ice":1,"minecraft:spruce_log":24,"minecraft:oak_log":2,"minecraft:coal_ore":28,"minecraft:stone":33,"minecraft:gold_ore":6,"minecraft:orange_bed":1}},"DataVersion":2975}