{"stats":{"minecraft:used":{"minecraft:wheat_seeds":16,"minecraft:water_bucket":3,"minecraft:stone_pickaxe":65,"minecraft:ender_pearl":1,"minecraft:wooden_pickaxe":3,"minecraft:torch":13,"minecraft:dirt":1,"minecraft:crafting_table":6,"minecraft:granite":2,"minecraft:wooden_hoe":62,"minecraft:iron_axe":19,"minecraft:iron_pickaxe":35,"minecraft:stone_axe":1,"minecraft:golden_carrot":6,"minecraft:furnace":3,"minecraft:bucket":4,"minecraft:iron_leggings":2},"minecraft:picked_up":{"minecraft:iron_chestplate":1,"minecraft:crafting_table":6,"minecraft:wheat":30,"minecraft:golden_carrot":29,"minecraft:water_bucket":2,"minecraft:shield":1,"minecraft:dirt":1,"minecraft:iron_axe":1,"minecraft:iron_leggings":1,"minecraft:wheat_seeds":59,"minecraft:raw_gold":6,"minecraft:bucket":2,"minecraft:iron_ingot":3,"minecraft:stone_pickaxe":1,"minecraft:cooked_chicken":32,"minecraft:iron_pickaxe":1,"minecraft:iron_boots":1,"minecraft:furnace":5,"minecraft:stick":5,"minecraft:raw_iron":50,"minecraft:torch":5,"minecraft:acacia_log":9,"minecraft:dark_oak_log":4,"minecraft:dark_oak_planks":11,"minecraft:orange_bed":2,"minecraft:stone_axe":1,"minecraft:iron_helmet":1,"minecraft:hay_block":122,"minecraft:granite":2,"minecraft:gold_ingot":7,"minecraft:melon_seeds":12,"minecraft:coal":56,"minecraft:cobblestone":36,"minecraft:ender_pearl":1},"minecraft:killed":{"minecraft:polar_bear":1},"minecraft:custom":{"minecraft:interact_with_furnace":25,"minecraft:mob_kills":1,"minecraft:interact_with_crafting_table":20,"minecraft:time_since_death":11502,"minecraft:time_since_rest":11509,"minecraft:sprint_one_cm":148004,"minecraft:damage_taken":550,"minecraft:walk_one_cm":127166,"minecraft:drop":53,"minecraft:damage_dealt":300,"minecraft:swim_one_cm":8907,"minecraft:talked_to_villager":3,"minecraft:fly_one_cm":311949,"minecraft:open_chest":1,"minecraft:crouch_one_cm":913,"minecraft:play_time":43762,"minecraft:deaths":2,"minecraft:sneak_time":351,"minecraft:walk_under_water_one_cm":8863,"minecraft:jump":1039,"minecraft:walk_on_water_one_cm":4639,"minecraft:total_world_time":43762,"minecraft:fall_one_cm":62982},"minecraft:broken":{"minecraft:wooden_hoe":1},"minecraft:mined":{"minecraft:acacia_leaves":2,"minecraft:dark_oak_log":4,"minecraft:dandelion":1,"minecraft:crafting_table":5,"minecraft:torch":5,"minecraft:granite":2,"minecraft:acacia_log":9,"minecraft:hay_block":62,"minecraft:furnace":3,"minecraft:iron_ore":35,"minecraft:wheat":18,"minecraft:coal_ore":28,"minecraft:stone":29,"minecraft:gold_ore":6,"minecraft:orange_bed":1},"minecraft:dropped":{"minecraft:wheat_seeds":40,"minecraft:wheat":15,"minecraft:golden_carrot":10,"minecraft:melon_seeds":8,"minecraft:dark_oak_planks":1},"minecraft:crafted":{"minecraft:crafting_table":1,"minecraft:wooden_pickaxe":1,"minecraft:iron_helmet":1,"minecraft:furnace":2,"minecraft:bucket":1,"minecraft:stone_axe":1,"minecraft:air":0,"minecraft:iron_boots":1,"minecraft:iron_chestplate":1,"minecraft:wooden_hoe":1,"minecraft:shield":1,"minecraft:iron_axe":1,"minecraft:stick":16,"minecraft:iron_ingot":33,"minecraft:iron_pickaxe":1,"minecraft:stone_pickaxe":1,"minecraft:gold_ingot":5,"minecraft:iron_leggings":1,"minecraft:acacia_planks":8,"minecraft:dark_oak_planks":16,"minecraft:torch":12}},"DataVersion":2975}