{"stats":{"minecraft:dropped":{"minecraft:water_bucket":1,"minecraft:kelp":5,"minecraft:wheat_seeds":3,"minecraft:beef":6,"minecraft:melon_seeds":1},"minecraft:killed_by":{"minecraft:player":2},"minecraft:used":{"minecraft:beef":12,"minecraft:chicken":1,"minecraft:iron_leggings":1},"minecraft:custom":{"minecraft:time_since_rest":313,"minecraft:crouch_one_cm":1138,"minecraft:play_time":48790,"minecraft:sprint_one_cm":93729,"minecraft:damage_taken":3993,"minecraft:walk_one_cm":51175,"minecraft:deaths":12,"minecraft:sneak_time":2372,"minecraft:walk_under_water_one_cm":15483,"minecraft:mob_kills":5,"minecraft:drop":14,"minecraft:jump":857,"minecraft:damage_dealt":775,"minecraft:leave_game":9,"minecraft:time_since_death":306,"minecraft:walk_on_water_one_cm":30929,"minecraft:total_world_time":48790,"minecraft:swim_one_cm":14600,"minecraft:fall_one_cm":63467,"minecraft:fly_one_cm":682293,"minecraft:player_kills":1},"minecraft:killed":{"minecraft:chicken":1,"minecraft:cow":4},"minecraft:picked_up":{"minecraft:iron_leggings":1,"minecraft:chicken":1,"minecraft:water_bucket":2,"minecraft:kelp":5,"minecraft:leather":8,"minecraft:wheat_seeds":3,"minecraft:beef":19,"minecraft:melon_seeds":1}},"DataVersion":2975}