{"stats":{"minecraft:used":{"minecraft:beef":12,"minecraft:chicken":1,"minecraft:iron_leggings":1},"minecraft:picked_up":{"minecraft:iron_leggings":1,"minecraft:chicken":1,"minecraft:kelp":5,"minecraft:water_bucket":2,"minecraft:leather":8,"minecraft:wheat_seeds":3,"minecraft:beef":19,"minecraft:melon_seeds":1},"minecraft:killed":{"minecraft:chicken":1,"minecraft:cow":4},"minecraft:custom":{"minecraft:time_since_rest":9265,"minecraft:crouch_one_cm":1138,"minecraft:play_time":41882,"minecraft:sprint_one_cm":83847,"minecraft:damage_taken":3433,"minecraft:deaths":10,"minecraft:walk_one_cm":46498,"minecraft:sneak_time":2081,"minecraft:walk_under_water_one_cm":15368,"minecraft:mob_kills":5,"minecraft:drop":14,"minecraft:jump":685,"minecraft:damage_dealt":570,"minecraft:leave_game":8,"minecraft:time_since_death":9257,"minecraft:walk_on_water_one_cm":30658,"minecraft:total_world_time":41882,"minecraft:swim_one_cm":14600,"minecraft:fall_one_cm":61165,"minecraft:fly_one_cm":570075},"minecraft:dropped":{"minecraft:water_bucket":1,"minecraft:kelp":5,"minecraft:wheat_seeds":3,"minecraft:beef":6,"minecraft:melon_seeds":1}},"DataVersion":2975}