{"stats":{"minecraft:picked_up":{"minecraft:golden_carrot":1},"minecraft:custom":{"minecraft:jump":353,"minecraft:time_since_rest":4270,"minecraft:damage_dealt":26,"minecraft:damage_taken":1840,"minecraft:leave_game":1,"minecraft:crouch_one_cm":1028,"minecraft:time_since_death":4264,"minecraft:play_time":30845,"minecraft:sprint_one_cm":41197,"minecraft:walk_one_cm":38442,"minecraft:walk_on_water_one_cm":10790,"minecraft:deaths":7,"minecraft:sneak_time":2397,"minecraft:total_world_time":30845,"minecraft:walk_under_water_one_cm":14914,"minecraft:swim_one_cm":14058,"minecraft:fall_one_cm":39727,"minecraft:fly_one_cm":290612}},"DataVersion":2975}