{"stats":{"minecraft:killed_by":{"minecraft:player":2},"minecraft:used":{"minecraft:cooked_chicken":1,"minecraft:wooden_pickaxe":27},"minecraft:custom":{"minecraft:time_since_rest":2334,"minecraft:crouch_one_cm":1131,"minecraft:sprint_one_cm":52810,"minecraft:play_time":38149,"minecraft:deaths":10,"minecraft:damage_taken":2855,"minecraft:walk_one_cm":49763,"minecraft:sneak_time":2787,"minecraft:walk_under_water_one_cm":25448,"minecraft:mob_kills":1,"minecraft:jump":426,"minecraft:damage_dealt":172,"minecraft:leave_game":2,"minecraft:walk_on_water_one_cm":12839,"minecraft:time_since_death":2329,"minecraft:total_world_time":38149,"minecraft:swim_one_cm":25791,"minecraft:fall_one_cm":44131,"minecraft:fly_one_cm":354254,"minecraft:player_kills":1},"minecraft:killed":{"minecraft:salmon":1},"minecraft:picked_up":{"minecraft:raw_iron":1,"minecraft:golden_carrot":1,"minecraft:andesite":10,"minecraft:salmon":1,"minecraft:wooden_pickaxe":1,"minecraft:cooked_chicken":4,"minecraft:diorite":6,"minecraft:cobblestone":10},"minecraft:mined":{"minecraft:stone":6,"minecraft:andesite":11,"minecraft:diorite":6}},"DataVersion":2975}