{
  "minecraft:adventure/root": {
    "criteria": {
      "killed_by_something": "2024-10-13 06:48:24 +0000"
    },
    "done": true
  },
  "minecraft:adventure/adventuring_time": {
    "criteria": {
      "minecraft:deep_ocean": "2024-10-13 06:48:27 +0000",
      "minecraft:beach": "2024-10-13 06:49:11 +0000",
      "minecraft:dark_forest": "2024-10-13 06:49:22 +0000",
      "minecraft:sparse_jungle": "2024-10-13 06:49:20 +0000",
      "minecraft:river": "2024-10-13 06:49:08 +0000",
      "minecraft:cold_ocean": "2024-10-13 06:49:15 +0000",
      "minecraft:jungle": "2024-10-13 06:49:06 +0000",
      "minecraft:plains": "2024-10-13 06:47:39 +0000"
    },
    "done": false
  },
  "DataVersion": 2975
}