{
  "minecraft:recipes/transportation/acacia_boat": {
    "criteria": {
      "in_water": "2024-10-14 21:44:19 +0000"
    },
    "done": true
  },
  "minecraft:recipes/transportation/oak_boat": {
    "criteria": {
      "in_water": "2024-10-14 21:44:19 +0000"
    },
    "done": true
  },
  "minecraft:recipes/transportation/dark_oak_boat": {
    "criteria": {
      "in_water": "2024-10-14 21:44:19 +0000"
    },
    "done": true
  },
  "minecraft:recipes/transportation/birch_boat": {
    "criteria": {
      "in_water": "2024-10-14 21:44:19 +0000"
    },
    "done": true
  },
  "minecraft:recipes/transportation/jungle_boat": {
    "criteria": {
      "in_water": "2024-10-14 21:44:19 +0000"
    },
    "done": true
  },
  "minecraft:recipes/transportation/spruce_boat": {
    "criteria": {
      "in_water": "2024-10-14 21:44:19 +0000"
    },
    "done": true
  },
  "minecraft:adventure/adventuring_time": {
    "criteria": {
      "minecraft:deep_ocean": "2024-10-14 21:40:51 +0000",
      "minecraft:dark_forest": "2024-10-14 22:00:10 +0000",
      "minecraft:river": "2024-10-14 21:57:37 +0000",
      "minecraft:forest": "2024-10-14 21:55:13 +0000",
      "minecraft:frozen_ocean": "2024-10-14 22:07:32 +0000",
      "minecraft:deep_frozen_ocean": "2024-10-14 22:02:56 +0000",
      "minecraft:jungle": "2024-10-14 21:47:26 +0000",
      "minecraft:savanna": "2024-10-14 21:57:35 +0000",
      "minecraft:plains": "2024-10-14 21:41:47 +0000"
    },
    "done": false
  },
  "DataVersion": 2975
}